Timestamp,Autonomous System Number,Total Routes,New Routes,Withdrawals,Origin Changes,Route Changes,Maximum Path Length,Average Path Length,Maximum Edit Distance,Average Edit Distance,Announcements,Unique Prefixes Announced,Graph Average Degree,Graph Betweenness Centrality,Graph Closeness Centrality,Graph Eigenvector Centrality
2024-09-25 06:14:25,3356,0,29456,0,0,0,0,0.0,0,0.0,67209,0,0.0,0.0,0.0,0.0
2024-09-25 06:15:25,3356,874,109620,0,0,0,0,0.0,0,0.0,152712,874,2.0,0.21666666666666667,0.5555555555555556,0.39027344048232143
2024-09-25 06:16:25,3356,1,80562,0,0,2,4,4.0,3,3.0,125160,1,1.5,0.3333333333333333,0.625,0.48662453289435065
2024-09-25 06:17:25,3356,1,30328,0,0,0,0,0.0,0,0.0,80788,1,1.3333333333333333,0.3333333333333333,0.7777777777777777,0.5690356063072538
2024-09-25 06:18:25,3356,0,23095,0,0,0,0,0.0,0,0.0,65382,0,0.0,0.0,0.0,0.0
2024-09-25 06:19:25,3356,10,33716,0,0,0,0,0.0,0,0.0,82239,10,1.6,0.3333333333333333,0.5219047619047619,0.4309402868986417
2024-09-25 06:20:25,3356,58,155159,0,0,27,3,0.5172413793103449,2,0.3103448275862069,215702,58,2.0,0.2333333333333333,0.6107936507936508,0.4190333475209709
2024-09-25 06:21:25,3356,1,43162,0,0,0,3,3.0,0,0.0,89420,1,1.3333333333333333,0.3333333333333333,0.7777777777777777,0.5690356063072538
2024-09-25 06:22:25,3356,1,31753,0,0,0,3,3.0,0,0.0,72501,1,1.3333333333333333,0.3333333333333333,0.7777777777777777,0.5690356063072538
2024-09-25 06:23:25,3356,5,25254,0,0,1,3,0.6,0,0.0,65011,5,1.6666666666666667,0.3333333333333333,0.4478114478114478,0.39031621600916017
2024-09-25 06:24:25,3356,1,16740,0,0,0,3,3.0,0,0.0,47439,1,1.3333333333333333,0.3333333333333333,0.7777777777777777,0.5690356063072538
2024-09-25 06:25:25,3356,1,23995,0,0,0,0,0.0,0,0.0,57855,1,1.3333333333333333,0.3333333333333333,0.7777777777777777,0.5690356063072538
2024-09-25 06:26:25,3356,1,22323,0,0,0,3,3.0,0,0.0,57114,1,1.3333333333333333,0.3333333333333333,0.7777777777777777,0.5690356063072538
2024-09-25 06:27:25,3356,1,17333,0,0,0,3,3.0,0,0.0,49377,1,1.3333333333333333,0.3333333333333333,0.7777777777777777,0.5690356063072538
2024-09-25 06:28:25,3356,2,16007,0,0,0,3,1.5,0,0.0,45411,2,1.3333333333333333,0.3333333333333333,0.7777777777777777,0.5690356063072538
2024-09-25 06:29:25,3356,59,39711,0,0,0,3,0.1016949152542373,0,0.0,77832,59,1.7142857142857142,0.2571428571428571,0.4607843137254902,0.349927215853377
2024-09-25 06:30:25,3356,9,42140,0,0,18,4,4.0,2,2.0,86681,9,1.5,0.3333333333333333,0.625,0.48662453289435065
2024-09-25 06:31:25,3356,1,29426,0,0,0,0,0.0,0,0.0,74101,1,1.3333333333333333,0.3333333333333333,0.7777777777777777,0.5690356063072538
2024-09-25 06:32:25,3356,16,32329,0,0,0,3,0.1875,0,0.0,83245,16,1.6,0.3333333333333333,0.5219047619047619,0.4309402868986417
2024-09-25 06:33:25,3356,859,77366,0,0,2,4,0.004656577415599534,2,0.002328288707799767,117444,859,2.6153846153846154,0.11305361305361306,0.4535505079425675,0.2450515899009319
2024-09-25 06:34:25,3356,248,59609,0,0,485,7,5.850806451612903,4,3.8870967741935485,97186,248,2.5,0.12575757575757573,0.4499356039633023,0.2628916395724786
2024-09-25 06:35:25,3356,201,87628,0,0,0,3,0.014925373134328358,0,0.0,126405,201,2.0,0.19393939393939394,0.37550789131816803,0.28493907834132126
2024-09-25 06:36:25,3356,103,50561,0,0,2,7,0.06796116504854369,5,0.04854368932038835,90029,103,2.2,0.18333333333333335,0.4150205243840828,0.29591625060021365
2024-09-25 06:37:25,3356,309,60054,0,0,3,3,0.009708737864077669,5,0.016181229773462782,98133,309,2.0,0.19545454545454546,0.35094051755757666,0.2686062643979788
2024-09-25 06:38:25,3356,62,21921,0,0,0,0,0.0,0,0.0,43099,62,1.75,0.3333333333333333,0.3486426767676768,0.3341840427884324
2024-09-25 06:39:25,3356,43,104684,0,0,16,2,0.37209302325581395,1,0.18604651162790697,208011,43,1.7142857142857142,0.2761904761904762,0.44066960608313993,0.35119847019943756
2024-09-25 06:40:25,3356,21,69328,0,0,0,3,0.14285714285714285,0,0.0,138260,21,1.7142857142857142,0.2761904761904762,0.44066960608313993,0.35119847019943756
2024-09-25 06:41:25,3356,1,39891,0,0,0,3,3.0,0,0.0,80085,1,1.3333333333333333,0.3333333333333333,0.7777777777777777,0.5690356063072538
2024-09-25 06:42:25,3356,60,27952,0,0,0,3,0.05,0,0.0,56974,60,2.0,0.23809523809523808,0.4769602946073534,0.3522813088754231
2024-09-25 06:43:25,3356,47,57259,0,0,0,3,0.06382978723404255,0,0.0,87391,47,1.5,0.3333333333333333,0.625,0.48662453289435065
2024-09-25 06:44:25,3356,1,34659,0,0,0,3,3.0,0,0.0,65196,1,1.3333333333333333,0.3333333333333333,0.7777777777777777,0.5690356063072538
2024-09-25 06:45:25,3356,2,13108,0,0,0,3,1.5,0,0.0,38386,2,1.6,0.3333333333333333,0.5219047619047619,0.4309402868986417
2024-09-25 06:46:25,3356,1,18514,0,0,0,3,3.0,0,0.0,45459,1,1.3333333333333333,0.3333333333333333,0.7777777777777777,0.5690356063072538
2024-09-25 06:47:25,3356,0,17132,0,0,0,0,0.0,0,0.0,48046,0,0.0,0.0,0.0,0.0
2024-09-25 06:48:25,3356,0,26046,0,0,0,0,0.0,0,0.0,64052,0,0.0,0.0,0.0,0.0
2024-09-25 06:49:25,3356,0,23659,0,0,0,0,0.0,0,0.0,64764,0,0.0,0.0,0.0,0.0
2024-09-25 06:50:25,3356,9,27793,0,0,0,0,0.0,0,0.0,62925,9,1.5,0.3333333333333333,0.625,0.48662453289435065
2024-09-25 06:51:25,3356,22,33175,0,0,0,0,0.0,0,0.0,65417,22,1.6,0.3333333333333333,0.5219047619047619,0.4309402868986417
2024-09-25 06:52:25,3356,28,51178,0,0,0,3,0.10714285714285714,0,0.0,94745,28,1.6,0.3333333333333333,0.5219047619047619,0.4309402868986417
2024-09-25 06:53:25,3356,16,29648,0,0,10,3,0.8125,1,0.3125,64404,16,1.5,0.3333333333333333,0.625,0.48662453289435065
2024-09-25 06:54:25,3356,37,91637,0,0,0,3,0.13513513513513514,0,0.0,270912,37,1.5,0.3333333333333333,0.625,0.48662453289435065
2024-09-25 06:55:25,3356,4,60598,0,0,0,3,0.75,0,0.0,101857,4,1.5,0.3333333333333333,0.625,0.48662453289435065
2024-09-25 06:56:25,3356,4,39197,0,0,15,5,3.75,3,2.25,71104,4,1.6666666666666667,0.3333333333333333,0.4478114478114478,0.39031621600916017
2024-09-25 06:57:25,3356,0,35316,0,0,0,0,0.0,0,0.0,63759,0,0.0,0.0,0.0,0.0
2024-09-25 06:58:25,3356,2,29616,0,0,0,0,0.0,0,0.0,55963,2,1.5,0.3333333333333333,0.625,0.48662453289435065
2024-09-25 06:59:25,3356,2,43895,0,0,2,3,2.5,1,0.5,76241,2,1.5,0.3333333333333333,0.625,0.48662453289435065
2024-09-25 07:00:25,3356,10,66710,0,0,0,3,0.3,0,0.0,134552,10,1.6,0.3333333333333333,0.5219047619047619,0.4309402868986417
2024-09-25 07:01:25,3356,10,69815,0,0,18,4,3.9,2,1.8,129631,10,1.6666666666666667,0.3333333333333333,0.4478114478114478,0.39031621600916017
2024-09-25 07:02:25,3356,9,56856,0,0,18,3,3.0,2,2.0,104143,9,1.3333333333333333,0.3333333333333333,0.7777777777777777,0.5690356063072538
2024-09-25 07:03:25,3356,2,45899,0,0,0,0,0.0,0,0.0,98167,2,1.6,0.3333333333333333,0.5219047619047619,0.4309402868986417
2024-09-25 07:04:25,3356,1,39132,0,0,0,3,3.0,0,0.0,72054,1,1.3333333333333333,0.3333333333333333,0.7777777777777777,0.5690356063072538
2024-09-25 07:05:25,3356,1,35560,0,0,0,3,3.0,0,0.0,78860,1,1.3333333333333333,0.3333333333333333,0.7777777777777777,0.5690356063072538
2024-09-25 07:06:25,3356,4,42696,0,0,0,3,0.75,0,0.0,111891,4,1.6,0.3333333333333333,0.5219047619047619,0.4309402868986417
2024-09-25 07:07:25,3356,1,53173,0,0,0,3,3.0,0,0.0,99925,1,1.3333333333333333,0.3333333333333333,0.7777777777777777,0.5690356063072538
2024-09-25 07:08:25,3356,60,29924,0,0,0,3,0.05,0,0.0,66656,60,2.0,0.23809523809523808,0.4769602946073534,0.3522813088754231
2024-09-25 07:09:25,3356,1,27682,0,0,0,3,3.0,0,0.0,73634,1,1.3333333333333333,0.3333333333333333,0.7777777777777777,0.5690356063072538
2024-09-25 07:10:25,3356,20,62861,0,0,0,3,0.15,0,0.0,137109,20,1.6,0.3333333333333333,0.5219047619047619,0.4309402868986417
2024-09-25 07:11:25,3356,18,66618,0,0,0,3,0.16666666666666666,0,0.0,116112,18,1.6,0.3333333333333333,0.5219047619047619,0.4309402868986417
2024-09-25 07:12:25,3356,19,48772,0,0,0,3,0.15789473684210525,0,0.0,94710,19,1.6,0.3333333333333333,0.5219047619047619,0.4309402868986417
2024-09-25 07:13:25,3356,1,33679,0,0,0,3,3.0,0,0.0,84205,1,1.3333333333333333,0.3333333333333333,0.7777777777777777,0.5690356063072538
2024-09-25 07:14:25,3356,1,25361,0,0,0,3,3.0,0,0.0,64137,1,1.3333333333333333,0.3333333333333333,0.7777777777777777,0.5690356063072538
2024-09-25 07:15:25,3356,0,28588,0,0,0,0,0.0,0,0.0,60813,0,0.0,0.0,0.0,0.0
2024-09-25 07:16:25,3356,1,20270,0,0,0,0,0.0,0,0.0,49326,1,1.3333333333333333,0.3333333333333333,0.7777777777777777,0.5690356063072538
2024-09-25 07:17:25,3356,34,28104,0,0,0,3,0.08823529411764706,0,0.0,59075,34,1.6,0.3333333333333333,0.5219047619047619,0.4309402868986417
2024-09-25 07:18:25,3356,414,79090,0,0,0,3,0.007246376811594203,0,0.0,113463,414,2.0,0.2333333333333333,0.5366855366855368,0.38808139038390843
2024-09-25 07:19:25,3356,363,71015,0,0,0,3,0.008264462809917356,0,0.0,105298,363,1.6,0.3333333333333333,0.5219047619047619,0.4309402868986417
2024-09-25 07:20:25,3356,58,65646,0,0,0,3,0.05172413793103448,0,0.0,119304,58,1.6,0.3333333333333333,0.5219047619047619,0.4309402868986417
2024-09-25 07:21:25,3356,10,79950,0,0,36,3,3.0,2,1.8,152665,10,1.6,0.3333333333333333,0.5219047619047619,0.4309402868986417
2024-09-25 07:22:25,3356,1,48197,0,0,0,3,3.0,0,0.0,106592,1,1.3333333333333333,0.3333333333333333,0.7777777777777777,0.5690356063072538
2024-09-25 07:23:25,3356,1,24330,0,0,0,3,3.0,0,0.0,57979,1,1.3333333333333333,0.3333333333333333,0.7777777777777777,0.5690356063072538
2024-09-25 07:24:25,3356,0,17178,0,0,0,0,0.0,0,0.0,46932,0,0.0,0.0,0.0,0.0
2024-09-25 07:25:25,3356,0,26135,0,0,0,0,0.0,0,0.0,56010,0,0.0,0.0,0.0,0.0
2024-09-25 07:26:25,3356,0,23206,0,0,0,0,0.0,0,0.0,62237,0,0.0,0.0,0.0,0.0
2024-09-25 07:27:25,3356,41,28430,0,0,0,0,0.0,0,0.0,64937,41,1.3333333333333333,0.3333333333333333,0.7777777777777777,0.5690356063072538
2024-09-25 07:28:25,3356,7,18874,0,0,0,0,0.0,0,0.0,50592,7,1.3333333333333333,0.3333333333333333,0.7777777777777777,0.5690356063072538
2024-09-25 07:29:25,3356,51,48068,0,0,14,2,0.27450980392156865,1,0.13725490196078433,83316,51,1.6,0.3333333333333333,0.5219047619047619,0.43094028689864183
2024-09-25 07:30:25,3356,3,36041,0,0,0,0,0.0,0,0.0,81970,3,1.5,0.3333333333333333,0.625,0.48662453289435065
2024-09-25 07:31:25,3356,0,33444,0,0,0,0,0.0,0,0.0,73061,0,0.0,0.0,0.0,0.0
2024-09-25 07:32:25,3356,0,35747,0,0,0,0,0.0,0,0.0,81389,0,0.0,0.0,0.0,0.0
2024-09-25 07:33:25,3356,1,31673,0,0,0,0,0.0,0,0.0,72253,1,1.3333333333333333,0.3333333333333333,0.7777777777777777,0.5690356063072538
2024-09-25 07:34:25,3356,1,35579,0,0,0,3,3.0,0,0.0,81808,1,1.3333333333333333,0.3333333333333333,0.7777777777777777,0.5690356063072538
2024-09-25 07:35:25,3356,0,20201,0,0,0,0,0.0,0,0.0,51546,0,0.0,0.0,0.0,0.0
2024-09-25 07:36:25,3356,0,20021,0,0,0,0,0.0,0,0.0,53155,0,0.0,0.0,0.0,0.0
2024-09-25 07:37:25,3356,0,25836,0,0,0,0,0.0,0,0.0,72659,0,0.0,0.0,0.0,0.0
2024-09-25 07:38:25,3356,60,49148,0,0,0,0,0.0,0,0.0,87769,60,2.0,0.25595238095238093,0.4128743903828034,0.31985974168096504
2024-09-25 07:39:25,3356,1,51877,0,0,0,0,0.0,0,0.0,106757,1,1.3333333333333333,0.3333333333333333,0.7777777777777777,0.5690356063072538
2024-09-25 07:40:25,3356,50,65747,0,0,0,0,0.0,0,0.0,104811,50,1.0,0.0,1.0,0.7071067811865475
2024-09-25 07:41:25,3356,9,35446,0,0,0,0,0.0,0,0.0,83968,9,1.5,0.3333333333333333,0.625,0.48662453289435065
2024-09-25 07:42:25,3356,314,66309,0,0,0,0,0.0,0,0.0,114251,314,2.0,0.0,1.0,0.5773502691896258
2024-09-25 07:43:25,3356,493,97962,0,0,0,0,0.0,0,0.0,134704,493,2.0,0.0,1.0,0.5773502691896258
2024-09-25 07:44:25,3356,9,52251,0,0,27,2,2.0,2,1.2222222222222223,87132,9,1.3333333333333333,0.3333333333333333,0.7777777777777777,0.5690356063072538
2024-09-25 07:45:25,3356,8,59189,0,0,0,2,1.75,0,0.0,89583,8,1.6,0.3333333333333333,0.5219047619047619,0.43094028689864183
2024-09-25 07:46:25,3356,305,45033,0,0,0,0,0.0,0,0.0,83212,305,2.0,0.16666666666666666,0.775,0.4847288379654078
2024-09-25 07:47:25,3356,809,151201,0,0,4,3,1.0642768850432633,1,0.0012360939431396785,187388,809,2.0,0.16666666666666666,0.775,0.4847288379654078
2024-09-25 07:48:25,3356,1,21583,0,0,2,2,2.0,1,1.0,53441,1,1.0,0.0,1.0,0.7071067811865475
2024-09-25 07:49:25,3356,0,21521,0,0,0,0,0.0,0,0.0,52098,0,0.0,0.0,0.0,0.0
2024-09-25 07:50:25,3356,49,23905,0,0,0,0,0.0,0,0.0,54801,49,1.7142857142857142,0.27619047619047615,0.4406696060831399,0.3511984701994376
2024-09-25 07:51:25,3356,9,23053,0,0,0,0,0.0,0,0.0,63455,9,1.3333333333333333,0.3333333333333333,0.7777777777777777,0.5690356063072538
2024-09-25 07:52:25,3356,59,79954,0,0,18,4,0.6101694915254238,2,0.3050847457627119,139359,59,1.6,0.3333333333333333,0.5219047619047619,0.4309402868986417
2024-09-25 07:53:25,3356,9,39557,0,0,18,3,3.0,2,2.0,86006,9,1.3333333333333333,0.3333333333333333,0.7777777777777777,0.5690356063072538
2024-09-25 07:54:25,3356,0,44635,0,0,0,0,0.0,0,0.0,98499,0,0.0,0.0,0.0,0.0
2024-09-25 07:55:25,3356,0,33096,0,0,0,0,0.0,0,0.0,63144,0,0.0,0.0,0.0,0.0
2024-09-25 07:56:25,3356,1,20786,0,0,0,0,0.0,0,0.0,49475,1,1.3333333333333333,0.3333333333333333,0.7777777777777777,0.5690356063072538
2024-09-25 07:57:25,3356,1,17438,0,0,0,3,3.0,0,0.0,43723,1,1.3333333333333333,0.3333333333333333,0.7777777777777777,0.5690356063072538
2024-09-25 07:58:25,3356,0,15335,0,0,0,0,0.0,0,0.0,43608,0,0.0,0.0,0.0,0.0
2024-09-25 07:59:25,3356,0,22016,0,0,0,0,0.0,0,0.0,59033,0,0.0,0.0,0.0,0.0
2024-09-25 08:00:25,3356,0,24099,0,0,0,0,0.0,0,0.0,56025,0,0.0,0.0,0.0,0.0
2024-09-25 08:01:25,3356,0,28591,0,0,0,0,0.0,0,0.0,63377,0,0.0,0.0,0.0,0.0
2024-09-25 08:02:25,3356,1,48295,0,0,0,0,0.0,0,0.0,93008,1,1.3333333333333333,0.3333333333333333,0.7777777777777777,0.5690356063072538
2024-09-25 08:03:25,3356,0,38453,0,0,0,0,0.0,0,0.0,73366,0,0.0,0.0,0.0,0.0
2024-09-25 08:04:25,3356,0,46847,0,0,0,0,0.0,0,0.0,88428,0,0.0,0.0,0.0,0.0
2024-09-25 08:05:25,3356,0,37363,0,0,0,0,0.0,0,0.0,68700,0,0.0,0.0,0.0,0.0
2024-09-25 08:06:25,3356,0,30473,0,0,0,0,0.0,0,0.0,72877,0,0.0,0.0,0.0,0.0
2024-09-25 08:07:25,3356,0,24176,0,0,0,0,0.0,0,0.0,62180,0,0.0,0.0,0.0,0.0
2024-09-25 08:08:25,3356,0,28420,0,0,0,0,0.0,0,0.0,55548,0,0.0,0.0,0.0,0.0
2024-09-25 08:09:25,3356,59,28489,0,0,0,0,0.0,0,0.0,65236,59,2.0,0.19999999999999998,0.6409523809523809,0.43657491059231324
2024-09-25 08:10:25,3356,0,19829,0,0,0,0,0.0,0,0.0,57770,0,0.0,0.0,0.0,0.0
2024-09-25 08:11:25,3356,57,39998,0,0,0,0,0.0,0,0.0,73855,57,1.3333333333333333,0.3333333333333333,0.7777777777777777,0.5690356063072538
2024-09-25 08:12:25,3356,0,25064,0,0,0,0,0.0,0,0.0,61100,0,0.0,0.0,0.0,0.0
2024-09-25 08:13:25,3356,826,66382,0,0,0,0,0.0,0,0.0,101275,826,2.6666666666666665,0.11212121212121211,0.4759421322102482,0.2591174374021501
2024-09-25 08:14:25,3356,116,61223,0,0,222,6,5.741379310344827,4,3.8275862068965516,96441,116,2.2222222222222223,0.1825396825396825,0.4401177235026564,0.31407312660041853
2024-09-25 08:15:25,3356,256,50888,0,0,0,0,0.0,0,0.0,91516,256,2.1666666666666665,0.1818181818181818,0.3676456682852031,0.25832937662079386
2024-09-25 08:16:25,3356,86,45353,0,0,0,0,0.0,0,0.0,63877,86,2.0,0.20634920634920637,0.41942401392005796,0.32024707900471316
2024-09-25 08:18:30,3356,0,49255,0,0,0,0,0.0,0,0.0,82540,183,0.0,0.0,0.0,0.0
2024-09-25 08:19:30,3356,0,49370,0,0,0,0,0.0,0,0.0,82840,0,0.0,0.0,0.0,0.0
2024-09-25 08:20:30,3356,1,20237,0,0,0,0,0.0,0,0.0,50687,1,1.5,0.3333333333333333,0.625,0.48662453289435065
2024-09-25 08:21:30,3356,1,19330,0,0,0,0,0.0,0,0.0,48293,1,1.3333333333333333,0.3333333333333333,0.7777777777777777,0.5690356063072538
2024-09-25 08:22:30,3356,56,36544,0,0,0,0,0.0,0,0.0,74877,56,1.3333333333333333,0.3333333333333333,0.7777777777777777,0.5690356063072538
2024-09-25 08:23:30,3356,10,24593,0,0,18,3,2.7,2,1.8,59024,10,1.7142857142857142,0.33333333333333337,0.3920722135007849,0.3590960081563207
2024-09-25 08:24:30,3356,58,30251,0,0,18,3,0.46551724137931033,2,0.3103448275862069,64114,58,1.75,0.2797619047619047,0.3921322537112011,0.32476009096479846
2024-09-25 08:25:30,3356,27,22810,0,0,34,3,1.8888888888888888,2,1.2592592592592593,55565,27,1.75,0.26190476190476186,0.4094065656565657,0.3235206969834064
2024-09-25 08:26:30,3356,28,32229,0,0,18,2,0.6428571428571429,1,0.32142857142857145,70121,28,1.6,0.3333333333333333,0.5219047619047619,0.4309402868986417
2024-09-25 08:27:30,3356,29,64444,0,0,0,0,0.0,0,0.0,114295,29,1.0,0.0,1.0,0.7071067811865475
2024-09-25 08:28:30,3356,0,27978,0,0,0,0,0.0,0,0.0,63597,0,0.0,0.0,0.0,0.0
2024-09-25 08:29:30,3356,1,31867,0,0,0,0,0.0,0,0.0,70301,1,1.3333333333333333,0.3333333333333333,0.7777777777777777,0.5690356063072538
2024-09-25 08:30:30,3356,11,85362,0,0,0,3,0.2727272727272727,0,0.0,138452,11,1.6,0.26666666666666666,0.5822222222222223,0.4261973887305469
2024-09-25 08:31:30,3356,42,82249,0,0,0,2,0.3333333333333333,0,0.0,144019,42,1.6,0.26666666666666666,0.5822222222222222,0.4261973887305469
2024-09-25 08:32:30,3356,22,72125,0,0,0,0,0.0,0,0.0,125513,22,1.5,0.3333333333333333,0.625,0.48662453289435065
2024-09-25 08:33:30,3356,8,78623,0,0,0,0,0.0,0,0.0,118684,8,1.3333333333333333,0.3333333333333333,0.7777777777777777,0.5690356063072538
2024-09-25 08:34:30,3356,8,37809,0,0,0,2,1.75,0,0.0,67770,8,1.3333333333333333,0.3333333333333333,0.7777777777777777,0.5690356063072538
2024-09-25 08:35:30,3356,1,44015,0,0,0,0,0.0,0,0.0,73527,1,1.3333333333333333,0.3333333333333333,0.7777777777777777,0.5690356063072538
2024-09-25 08:36:30,3356,57,40534,0,0,0,3,0.05263157894736842,0,0.0,71691,57,1.6,0.3333333333333333,0.5219047619047619,0.4309402868986417
2024-09-25 08:37:30,3356,0,33582,0,0,0,0,0.0,0,0.0,66818,0,0.0,0.0,0.0,0.0
2024-09-25 08:38:30,3356,1,24453,0,0,0,0,0.0,0,0.0,62152,1,1.3333333333333333,0.3333333333333333,0.7777777777777777,0.5690356063072538
2024-09-25 08:39:30,3356,59,43519,0,0,2,4,0.06779661016949153,3,0.05084745762711865,90250,59,2.0,0.19999999999999998,0.6409523809523809,0.43657491059231324
2024-09-25 08:40:30,3356,0,28396,0,0,0,0,0.0,0,0.0,63501,0,0.0,0.0,0.0,0.0
2024-09-25 08:41:30,3356,0,39668,0,0,0,0,0.0,0,0.0,81703,0,0.0,0.0,0.0,0.0
2024-09-25 08:42:30,3356,0,34678,0,0,0,0,0.0,0,0.0,75882,0,0.0,0.0,0.0,0.0
2024-09-25 08:43:30,3356,61,48929,0,0,0,0,0.0,0,0.0,92470,61,1.75,0.26190476190476186,0.40940656565656564,0.3235206969834063
2024-09-25 08:44:30,3356,58,43199,0,0,114,3,2.9482758620689653,2,1.9655172413793103,74335,58,1.6,0.3333333333333333,0.5219047619047619,0.4309402868986417
2024-09-25 08:45:30,3356,31,28086,0,0,44,4,2.225806451612903,3,1.6451612903225807,62011,31,2.5714285714285716,0.13333333333333333,0.612987012987013,0.35432269051656756
2024-09-25 08:46:30,3356,40,76389,0,0,8,4,0.5,2,0.2,123258,40,2.0,0.19999999999999998,0.5555555555555555,0.4082482904638631
2024-09-25 08:47:30,3356,17,33661,0,0,6,3,0.5294117647058824,3,0.5294117647058824,86741,17,1.6,0.3333333333333333,0.5219047619047619,0.4309402868986417
2024-09-25 08:48:30,3356,12,69472,0,0,0,0,0.0,0,0.0,167027,12,1.6,0.3333333333333333,0.5219047619047619,0.4309402868986417
2024-09-25 08:49:30,3356,56,91656,0,0,9,3,0.10714285714285714,1,0.03571428571428571,144714,56,1.7777777777777777,0.23015873015873012,0.40246493813745277,0.3020004649594037
2024-09-25 08:50:30,3356,154,41342,0,0,76,4,0.35714285714285715,3,0.22727272727272727,75018,154,2.142857142857143,0.14102564102564102,0.3895084295272061,0.22849331008583124
2024-09-25 08:51:30,3356,345,84083,0,0,165,4,0.7884057971014493,3,0.5217391304347826,122962,345,2.0,0.17727272727272728,0.37992565177050186,0.2495607300464079
2024-09-25 08:52:30,3356,231,103794,0,0,129,4,0.36363636363636365,3,0.22510822510822512,163413,231,2.1538461538461537,0.14335664335664336,0.40583152243071274,0.24424247197606538
2024-09-25 08:53:30,3356,359,79632,0,0,36,4,0.11420612813370473,3,0.06406685236768803,116756,359,2.1818181818181817,0.16565656565656564,0.4198518049802635,0.2730558803421647
2024-09-25 08:54:30,3356,839,214893,0,0,1254,4,1.4851013110846245,3,1.2383790226460072,260134,839,2.5,0.10151515151515152,0.5059661835748793,0.2708001768143604
2024-09-25 08:55:30,3356,24,68715,0,0,12,4,3.4166666666666665,3,0.6666666666666666,129252,24,2.25,0.16666666666666666,0.5165064102564102,0.33324999413292633
2024-09-25 08:56:30,3356,78,58569,0,0,36,4,0.9230769230769231,3,0.6923076923076923,98985,78,2.0,0.23809523809523808,0.4769602946073534,0.35228130887542314
2024-09-25 08:57:30,3356,315,48514,0,0,0,0,0.0,0,0.0,79757,315,2.5,0.12424242424242421,0.45933565467559495,0.26856529912177424
2024-09-25 08:58:30,3356,287,81063,0,0,196,4,1.3275261324041812,3,1.024390243902439,130526,287,2.6153846153846154,0.11072261072261072,0.4632493099839184,0.25603772231445704
2024-09-25 08:59:30,3356,408,78101,0,0,42,4,0.21323529411764705,3,0.15441176470588236,128074,408,2.5454545454545454,0.13737373737373737,0.46270534923755097,0.2748241500593086
2024-09-25 09:00:30,3356,40,59666,0,0,0,0,0.0,0,0.0,123551,40,2.2222222222222223,0.15079365079365079,0.4971410006497725,0.3141413179439694
2024-09-25 09:01:30,3356,82,52441,0,0,49,3,0.8780487804878049,3,0.5975609756097561,86200,82,2.2,0.15555555555555553,0.4644005117689328,0.2878514257414482
2024-09-25 09:02:30,3356,16,54258,0,0,30,4,2.6875,3,1.875,105038,16,2.0,0.19595959595959594,0.37828005779644935,0.2721432266752969
2024-09-25 09:03:30,3356,6,56404,0,0,0,3,0.5,0,0.0,111667,6,1.7777777777777777,0.2222222222222222,0.41232668566001895,0.29662064629613716
2024-09-25 09:04:30,3356,14,54501,0,0,3,2,0.14285714285714285,2,0.14285714285714285,106934,14,1.6,0.3333333333333333,0.5219047619047619,0.4309402868986417
2024-09-25 09:05:30,3356,28,71400,0,0,10,4,0.7142857142857143,3,0.5357142857142857,115374,28,2.0,0.23214285714285712,0.434375,0.33068618718646653
2024-09-25 09:06:30,3356,13,41590,0,0,0,0,0.0,0,0.0,77098,13,1.7142857142857142,0.33333333333333337,0.3920722135007849,0.35909600815632065
2024-09-25 09:07:30,3356,16,37602,0,0,0,0,0.0,0,0.0,75937,16,1.6666666666666667,0.3333333333333333,0.4478114478114478,0.39031621600916017
2024-09-25 09:08:30,3356,4,34651,0,0,0,0,0.0,0,0.0,81092,4,1.75,0.26190476190476186,0.4094065656565657,0.3235206969834064
2024-09-25 09:09:30,3356,23,46010,0,0,3,3,0.13043478260869565,2,0.08695652173913043,89344,23,2.0,0.19047619047619047,0.44845906453749584,0.3024627075526442
2024-09-25 09:10:30,3356,3,28941,0,0,0,0,0.0,0,0.0,64151,3,1.7142857142857142,0.27619047619047615,0.4406696060831399,0.3511984701994376
2024-09-25 09:11:30,3356,3,24707,0,0,98,2,1.3333333333333333,3,1.0,51794,3,1.3333333333333333,0.3333333333333333,0.7777777777777777,0.5690356063072538
2024-09-25 09:12:30,3356,11,27829,0,0,4,3,0.2727272727272727,2,0.18181818181818182,57634,11,1.7142857142857142,0.2571428571428571,0.4607843137254902,0.349927215853377
2024-09-25 09:13:30,3356,16,51790,0,0,18,4,2.4375,2,1.125,97054,16,1.8,0.225,0.3768310366104484,0.2771824313178667
2024-09-25 09:14:30,3356,16,43774,0,0,20,4,1.9375,3,1.3125,82764,16,2.0,0.2095238095238095,0.5047991224461813,0.3620537202586182
2024-09-25 09:15:30,3356,0,54941,0,0,0,0,0.0,0,0.0,116103,0,0.0,0.0,0.0,0.0
2024-09-25 09:16:30,3356,14,33488,0,0,0,0,0.0,0,0.0,64699,14,1.5,0.3333333333333333,0.625,0.48662453289435065
2024-09-25 09:17:30,3356,0,31347,0,0,0,0,0.0,0,0.0,65555,0,0.0,0.0,0.0,0.0
2024-09-25 09:18:30,3356,563,105567,0,0,0,0,0.0,0,0.0,156468,563,2.0,0.17575757575757575,0.40703049887832493,0.26234221471855423
2024-09-25 09:19:30,3356,508,90601,0,0,985,3,2.8346456692913384,2,1.0,136212,508,2.1538461538461537,0.13869463869463872,0.4170039943458902,0.23465883622345848
2024-09-25 09:20:30,3356,13,74619,0,0,11,3,0.6923076923076923,1,0.3076923076923077,104957,13,1.6666666666666667,0.26666666666666666,0.5081955081955082,0.38346603713025496
2024-09-25 09:21:30,3356,13,24012,0,0,3,3,0.23076923076923078,2,0.15384615384615385,51580,13,1.6,0.3333333333333333,0.5219047619047619,0.4309402868986417
2024-09-25 09:22:30,3356,12,21036,0,0,16,3,2.0,1,0.6666666666666666,46653,12,1.5,0.3333333333333333,0.625,0.48662453289435065
2024-09-25 09:23:30,3356,79,33861,0,0,16,3,0.3037974683544304,2,0.20253164556962025,65871,79,2.0,0.18650793650793654,0.4527233115468409,0.3077309259157379
2024-09-25 09:24:30,3356,0,45287,0,0,0,0,0.0,0,0.0,81188,0,0.0,0.0,0.0,0.0
2024-09-25 09:25:30,3356,54,58006,0,0,0,0,0.0,0,0.0,86288,54,2.6666666666666665,0.11507936507936506,0.5624403918521566,0.32054271760554337
2024-09-25 09:26:30,3356,42,36293,0,0,0,0,0.0,0,0.0,78169,42,2.0,0.2095238095238095,0.5047991224461813,0.3620537202586182
2024-09-25 09:27:30,3356,97,36973,0,0,0,0,0.0,0,0.0,67592,97,2.0,0.19999999999999998,0.6409523809523809,0.43657491059231324
2024-09-25 09:28:30,3356,136,40714,0,0,0,0,0.0,0,0.0,75120,136,2.0,0.23809523809523808,0.4769602946073535,0.35228130887542314
2024-09-25 09:29:30,3356,91,37613,0,0,0,3,0.03296703296703297,0,0.0,70920,91,2.25,0.16666666666666663,0.5165064102564103,0.33324999413292633
2024-09-25 09:30:30,3356,58,131297,0,0,0,3,0.05172413793103448,0,0.0,168631,58,2.0,0.2333333333333333,0.6107936507936508,0.4190333475209709
2024-09-25 09:31:30,3356,1,30532,0,0,0,3,3.0,0,0.0,60642,1,1.3333333333333333,0.3333333333333333,0.7777777777777777,0.5690356063072538
2024-09-25 09:32:30,3356,3,31495,0,0,0,3,1.0,0,0.0,66228,3,1.6,0.3333333333333333,0.5219047619047619,0.4309402868986417
2024-09-25 09:33:30,3356,31,49446,0,0,0,0,0.0,0,0.0,96143,31,1.7142857142857142,0.2761904761904762,0.44066960608313993,0.35119847019943756
2024-09-25 09:34:30,3356,27,41311,0,0,0,0,0.0,0,0.0,84758,27,1.3333333333333333,0.3333333333333333,0.7777777777777777,0.5690356063072538
2024-09-25 09:35:30,3356,23,69663,0,0,24,3,1.1304347826086956,2,0.6086956521739131,100770,23,1.6666666666666667,0.26666666666666666,0.5081955081955082,0.383466037130255
2024-09-25 09:36:30,3356,31,93488,0,0,6,3,0.22580645161290322,2,0.12903225806451613,132686,31,1.5,0.3333333333333333,0.625,0.48662453289435065
2024-09-25 09:37:30,3356,0,21156,0,0,0,0,0.0,0,0.0,52049,0,0.0,0.0,0.0,0.0
2024-09-25 09:38:30,3356,0,16240,0,0,0,0,0.0,0,0.0,41166,0,0.0,0.0,0.0,0.0
2024-09-25 09:39:30,3356,59,23598,0,0,0,0,0.0,0,0.0,51448,59,2.0,0.19999999999999998,0.6409523809523809,0.43657491059231324
2024-09-25 09:40:30,3356,0,42042,0,0,0,0,0.0,0,0.0,93272,0,0.0,0.0,0.0,0.0
2024-09-25 09:41:30,3356,10,43738,0,0,0,0,0.0,0,0.0,95812,10,1.6666666666666667,0.2833333333333334,0.49007936507936506,0.3854689218106078
2024-09-25 09:42:30,3356,5,39170,0,0,0,3,0.6,0,0.0,75609,5,1.6,0.3333333333333333,0.5219047619047619,0.4309402868986417
2024-09-25 09:43:30,3356,15,79159,0,0,0,3,0.2,0,0.0,165265,15,1.75,0.2321428571428571,0.4389584100110416,0.32427076201553956
2024-09-25 09:44:30,3356,51,49863,0,0,2,3,0.058823529411764705,2,0.0392156862745098,91385,51,1.7777777777777777,0.23809523809523808,0.3941683422840677,0.30136876047958944
2024-09-25 09:45:30,3356,73,158782,0,0,104,4,1.4794520547945205,3,1.3972602739726028,219931,73,2.0,0.2111111111111111,0.39083722703128077,0.2688376965727574
2024-09-25 09:46:30,3356,51,77360,0,0,105,4,2.0980392156862746,3,1.1568627450980393,126187,51,1.7142857142857142,0.2761904761904762,0.44066960608313993,0.35119847019943756
2024-09-25 09:47:30,3356,62,49161,0,0,102,3,2.467741935483871,3,1.6935483870967742,89041,62,1.8,0.2111111111111111,0.39231602517264946,0.2778655103025806
2024-09-25 09:48:30,3356,72,51406,0,0,2,3,2.4583333333333335,2,0.027777777777777776,89480,72,2.0,0.17575757575757575,0.4081416771634163,0.2649368394444032
2024-09-25 09:49:30,3356,54,26519,0,0,116,4,3.1481481481481484,3,2.1481481481481484,59102,54,2.0,0.16666666666666666,0.6666666666666666,0.447213595499958
2024-09-25 09:50:30,3356,6,30435,0,0,0,0,0.0,0,0.0,63345,6,1.6666666666666667,0.3333333333333333,0.4478114478114478,0.39031621600916017
2024-09-25 09:51:30,3356,13,39201,0,0,0,3,0.23076923076923078,0,0.0,80104,13,1.75,0.26190476190476186,0.4094065656565657,0.3235206969834064
2024-09-25 09:52:30,3356,2,60989,0,0,0,3,1.5,0,0.0,122552,2,1.6666666666666667,0.3333333333333333,0.4478114478114478,0.39031621600916017
2024-09-25 09:53:30,3356,180,86128,0,0,0,3,0.016666666666666666,0,0.0,146445,180,2.0,0.1616161616161616,0.42646969626441766,0.2688005135215689
2024-09-25 09:54:30,3356,839,104748,0,0,274,4,0.4862932061978546,3,0.3289630512514899,142737,839,2.1818181818181817,0.16969696969696968,0.41535617993127877,0.2593416166812394
2024-09-25 09:55:30,3356,8,35120,0,0,11,4,1.625,3,1.25,67744,8,2.2,0.14444444444444446,0.4788135497113825,0.29545290458541607
2024-09-25 09:56:30,3356,681,54215,0,0,9,3,0.01762114537444934,2,0.00881057268722467,101473,681,1.6,0.3333333333333333,0.5219047619047619,0.4309402868986417
2024-09-25 09:57:30,3356,20,69843,0,0,0,3,2.55,0,0.0,100145,20,2.0,0.2095238095238095,0.5047991224461813,0.3620537202586182
2024-09-25 09:58:30,3356,9,43241,0,0,0,0,0.0,0,0.0,76085,9,2.1538461538461537,0.16200466200466204,0.37850904075106706,0.23253513519620483
2024-09-25 09:59:30,3356,161,191764,0,0,4,3,0.06832298136645963,3,0.031055900621118012,252472,161,2.3076923076923075,0.13986013986013984,0.41330266869784565,0.2362445750968215
2024-09-25 10:00:30,3356,148,86909,0,0,205,4,1.5135135135135136,3,1.1283783783783783,146972,148,2.1666666666666665,0.17424242424242423,0.3837551184143877,0.24871510476956513
2024-09-25 10:01:30,3356,190,69032,0,0,23,4,0.17894736842105263,3,0.16842105263157894,112646,190,2.3333333333333335,0.13484848484848483,0.43800623347095513,0.26870182129891124
2024-09-25 10:02:30,3356,34,67415,0,0,0,0,0.0,0,0.0,102622,34,2.1666666666666665,0.17575757575757575,0.37265480034434867,0.266560993072315
2024-09-25 10:03:30,3356,829,69152,0,0,48,3,0.08685162846803378,3,0.05910735826296743,112546,829,2.0,0.2142857142857143,0.417193127964213,0.30613128872446915
2024-09-25 10:04:30,3356,59,92343,0,0,9,4,0.1694915254237288,3,0.11864406779661017,162791,59,1.8181818181818181,0.21212121212121213,0.3629857496865169,0.2611364160758702
2024-09-25 10:05:30,3356,11,69530,0,0,0,3,0.2727272727272727,0,0.0,114964,11,1.6,0.3333333333333333,0.5219047619047619,0.4309402868986417
2024-09-25 10:06:30,3356,23,43015,0,0,0,3,0.13043478260869565,0,0.0,82803,23,2.0,0.2095238095238095,0.5047991224461813,0.3620537202586182
2024-09-25 10:07:30,3356,30,67247,0,0,0,3,0.1,0,0.0,110019,30,1.7142857142857142,0.2571428571428571,0.4607843137254902,0.349927215853377
2024-09-25 10:08:30,3356,41,79038,0,0,0,3,0.14634146341463414,0,0.0,118892,41,1.6,0.3333333333333333,0.5219047619047619,0.4309402868986417
2024-09-25 10:09:30,3356,13,37063,0,0,0,3,0.23076923076923078,0,0.0,69938,13,2.0,0.2333333333333333,0.5419464794464796,0.37356755024536953
2024-09-25 10:10:30,3356,25,36007,0,0,2,4,0.16,3,0.12,66848,25,1.6666666666666667,0.3333333333333333,0.4478114478114478,0.39031621600916017
2024-09-25 10:11:30,3356,1,45820,0,0,0,0,0.0,0,0.0,79835,1,1.5,0.3333333333333333,0.625,0.48662453289435065
2024-09-25 10:12:30,3356,1,102119,0,0,0,0,0.0,0,0.0,146332,1,1.3333333333333333,0.3333333333333333,0.7777777777777777,0.5690356063072538
2024-09-25 10:13:30,3356,13,40060,0,0,0,0,0.0,0,0.0,70541,13,1.7142857142857142,0.2571428571428571,0.4607843137254902,0.349927215853377
2024-09-25 10:14:30,3356,10,46399,0,0,0,3,0.3,0,0.0,89587,10,1.6,0.3333333333333333,0.5219047619047619,0.4309402868986417
2024-09-25 10:15:30,3356,21,43321,0,0,0,0,0.0,0,0.0,86367,21,1.3333333333333333,0.3333333333333333,0.7777777777777777,0.5690356063072538
2024-09-25 10:16:30,3356,2,35179,0,0,0,0,0.0,0,0.0,69714,2,1.0,0.0,1.0,0.7071067811865475
2024-09-25 10:17:30,3356,0,47130,0,0,0,0,0.0,0,0.0,81725,0,0.0,0.0,0.0,0.0
2024-09-25 10:18:30,3356,57,156894,0,0,0,0,0.0,0,0.0,223881,57,2.0,0.0,1.0,0.5773502691896258
2024-09-25 10:19:30,3356,10,26482,0,0,0,3,2.7,0,0.0,57627,10,1.6,0.3333333333333333,0.5219047619047619,0.4309402868986417
2024-09-25 10:20:30,3356,0,23665,0,0,0,0,0.0,0,0.0,50613,0,0.0,0.0,0.0,0.0
2024-09-25 10:21:30,3356,1,32931,0,0,0,0,0.0,0,0.0,72268,1,1.3333333333333333,0.3333333333333333,0.7777777777777777,0.5690356063072538
2024-09-25 10:22:30,3356,63,45444,0,0,0,3,0.047619047619047616,0,0.0,77234,63,2.0,0.2333333333333333,0.5419464794464793,0.37356755024536953
2024-09-25 10:23:30,3356,11,40364,0,0,0,3,0.2727272727272727,0,0.0,76848,11,2.0,0.2333333333333333,0.5419464794464796,0.37356755024536953
2024-09-25 10:24:30,3356,27,43053,0,0,0,3,0.1111111111111111,0,0.0,80710,27,2.0,0.2023809523809524,0.4321373233653935,0.3080789657149215
2024-09-25 10:25:30,3356,70,46563,0,0,3,3,0.04285714285714286,2,0.02857142857142857,79741,70,2.0,0.19999999999999998,0.5253496503496503,0.34143351351567913
2024-09-25 10:26:30,3356,831,88555,0,0,140,3,0.24428399518652227,2,0.16365824308062576,106946,831,1.5,0.3333333333333333,0.625,0.48662453289435065
2024-09-25 10:27:30,3356,100,34020,0,0,211,3,3.0,2,2.0,70759,100,1.75,0.2321428571428571,0.4389584100110415,0.3242707620155395
2024-09-25 10:28:30,3356,94,43361,0,0,8,3,0.05319148936170213,1,0.010638297872340425,78471,94,1.75,0.21428571428571425,0.4609375,0.3199908057416607
2024-09-25 10:29:30,3356,207,54741,0,0,36,3,0.14009661835748793,1,0.03864734299516908,87536,207,1.8333333333333333,0.17424242424242423,0.38232583771486656,0.2515087266535973
2024-09-25 10:30:30,3356,47,73646,0,0,59,4,1.0425531914893618,2,0.5531914893617021,106480,47,1.6,0.3333333333333333,0.5219047619047619,0.4309402868986417
2024-09-25 10:31:30,3356,170,108933,0,0,98,4,0.1411764705882353,3,0.06470588235294118,138476,170,2.4,0.1186813186813187,0.4111777986082223,0.21781919133096325
2024-09-25 10:32:30,3356,708,52078,0,0,34,3,0.06779661016949153,3,0.046610169491525424,79119,708,2.25,0.15476190476190477,0.5307073135198135,0.3385863041804768
2024-09-25 10:33:30,3356,135,46686,0,0,75,4,0.2518518518518518,3,0.1925925925925926,76318,135,2.0,0.18888888888888888,0.4160174025059608,0.28607447487160353
2024-09-25 10:34:30,3356,1,26470,0,0,0,0,0.0,0,0.0,59505,1,1.0,0.0,1.0,0.7071067811865475
2024-09-25 10:35:30,3356,8,43784,0,0,0,0,0.0,0,0.0,94370,8,1.3333333333333333,0.3333333333333333,0.7777777777777777,0.5690356063072538
2024-09-25 10:36:30,3356,3,22862,0,0,9,3,2.0,2,1.0,57984,3,1.75,0.26190476190476186,0.4094065656565657,0.3235206969834064
2024-09-25 10:37:30,3356,65,25257,0,0,6,4,0.1076923076923077,2,0.03076923076923077,61701,65,2.0,0.1694139194139194,0.3477499997583574,0.22457985152637577
2024-09-25 10:38:30,3356,7,34978,0,0,32,5,3.857142857142857,4,3.2857142857142856,65888,7,1.6,0.3333333333333333,0.5219047619047619,0.4309402868986417
2024-09-25 10:39:30,3356,6,27386,0,0,4,5,3.8333333333333335,4,0.6666666666666666,65404,6,1.75,0.2797619047619047,0.3921322537112011,0.32476009096479846
2024-09-25 10:40:30,3356,1,36457,0,0,0,3,3.0,0,0.0,79020,1,1.3333333333333333,0.3333333333333333,0.7777777777777777,0.5690356063072538
2024-09-25 10:41:30,3356,2,31256,0,0,0,3,1.5,0,0.0,77165,2,1.6666666666666667,0.3333333333333333,0.4478114478114478,0.39031621600916017
2024-09-25 10:42:30,3356,3,15675,0,0,4,5,2.6666666666666665,4,1.3333333333333333,49620,3,1.75,0.2797619047619047,0.3921322537112011,0.32476009096479846
2024-09-25 10:43:30,3356,39,33609,0,0,2,4,0.10256410256410256,3,0.07692307692307693,84942,39,1.6666666666666667,0.3333333333333333,0.4478114478114478,0.39031621600916017
2024-09-25 10:44:30,3356,29,45735,0,0,18,3,0.9310344827586207,2,0.6206896551724138,89758,29,1.75,0.26190476190476186,0.4094065656565657,0.3235206969834064
2024-09-25 10:45:30,3356,9,44761,0,0,18,4,4.0,2,2.0,86865,9,1.5,0.3333333333333333,0.625,0.48662453289435065
2024-09-25 10:46:30,3356,0,33086,0,0,0,0,0.0,0,0.0,65495,0,0.0,0.0,0.0,0.0
2024-09-25 10:47:30,3356,12,37227,0,0,0,0,0.0,0,0.0,78725,12,1.7142857142857142,0.27619047619047615,0.4406696060831399,0.3511984701994376
2024-09-25 10:48:30,3356,14,31966,0,0,0,0,0.0,0,0.0,77914,14,1.5,0.3333333333333333,0.625,0.48662453289435065
2024-09-25 10:49:30,3356,1,25648,0,0,0,0,0.0,0,0.0,57617,1,1.5,0.3333333333333333,0.625,0.48662453289435065
2024-09-25 10:50:30,3356,0,29607,0,0,0,0,0.0,0,0.0,60679,0,0.0,0.0,0.0,0.0
2024-09-25 10:51:30,3356,0,41258,0,0,0,0,0.0,0,0.0,90560,0,0.0,0.0,0.0,0.0
2024-09-25 10:52:30,3356,0,49384,0,0,0,0,0.0,0,0.0,103561,0,0.0,0.0,0.0,0.0
2024-09-25 10:53:30,3356,41,38624,0,0,0,0,0.0,0,0.0,79255,41,1.3333333333333333,0.3333333333333333,0.7777777777777777,0.5690356063072538
2024-09-25 10:54:30,3356,7,40533,0,0,0,0,0.0,0,0.0,90194,7,1.3333333333333333,0.3333333333333333,0.7777777777777777,0.5690356063072538
2024-09-25 10:55:30,3356,49,67281,0,0,14,2,0.2857142857142857,1,0.14285714285714285,115010,49,1.7142857142857142,0.27619047619047615,0.4406696060831399,0.3511984701994376
2024-09-25 10:56:30,3356,12,49279,0,0,0,3,0.25,0,0.0,90308,12,1.5,0.3333333333333333,0.625,0.48662453289435065
2024-09-25 10:57:30,3356,0,30443,0,0,0,0,0.0,0,0.0,68329,0,0.0,0.0,0.0,0.0
2024-09-25 10:58:30,3356,1,46834,0,0,0,0,0.0,0,0.0,108756,1,1.0,0.0,1.0,0.7071067811865475
2024-09-25 10:59:30,3356,1,33898,0,0,0,0,0.0,0,0.0,73027,1,1.0,0.0,1.0,0.7071067811865475
2024-09-25 11:00:30,3356,0,25784,0,0,0,0,0.0,0,0.0,57201,0,0.0,0.0,0.0,0.0
2024-09-25 11:01:30,3356,57,124246,0,0,0,0,0.0,0,0.0,158508,57,2.0,0.0,1.0,0.5773502691896258
2024-09-25 11:02:30,3356,45,131035,0,0,0,2,2.0,0,0.0,177340,45,1.0,0.0,1.0,0.7071067811865475
2024-09-25 11:03:30,3356,12,58302,0,0,0,0,0.0,0,0.0,98868,12,2.0,0.0,1.0,0.5773502691896258
2024-09-25 11:04:30,3356,1,26428,0,0,0,0,0.0,0,0.0,61728,1,1.3333333333333333,0.3333333333333333,0.7777777777777777,0.5690356063072538
2024-09-25 11:05:30,3356,10,53015,0,0,0,3,0.3,0,0.0,89185,10,1.6666666666666667,0.3333333333333333,0.4478114478114478,0.39031621600916017
2024-09-25 11:06:30,3356,0,28540,0,0,0,0,0.0,0,0.0,61616,0,0.0,0.0,0.0,0.0
2024-09-25 11:07:30,3356,0,28760,0,0,0,0,0.0,0,0.0,77499,0,0.0,0.0,0.0,0.0
2024-09-25 11:08:30,3356,0,22507,0,0,0,0,0.0,0,0.0,58107,0,0.0,0.0,0.0,0.0
2024-09-25 11:09:30,3356,0,29558,0,0,0,0,0.0,0,0.0,68786,0,0.0,0.0,0.0,0.0
2024-09-25 11:10:30,3356,26,51451,0,0,0,0,0.0,0,0.0,108085,26,2.0,0.2333333333333333,0.5366855366855368,0.38808139038390843
2024-09-25 11:11:30,3356,795,57359,0,0,50,6,0.12830188679245283,5,0.09685534591194969,96354,795,2.0,0.21428571428571425,0.4375,0.35355339059327373
2024-09-25 11:12:30,3356,23,105588,0,0,0,0,0.0,0,0.0,165643,23,2.3333333333333335,0.15,0.638888888888889,0.39608636811935255
2024-09-25 11:13:30,3356,376,97319,0,0,5,7,0.026595744680851064,3,0.013297872340425532,155265,376,2.4285714285714284,0.14102564102564102,0.385858823899587,0.22120000430525666
2024-09-25 11:14:30,3356,185,109875,0,0,152,3,1.2324324324324325,6,2.0648648648648646,144784,185,2.0,0.18881118881118877,0.3378457931540464,0.2502794313359164
2024-09-25 11:15:30,3356,745,179147,0,0,166,6,0.3288590604026846,6,0.5140939597315436,217078,745,2.235294117647059,0.13676470588235293,0.34191678721447644,0.19901676177705266
2024-09-25 11:16:30,3356,365,148055,0,2,608,6,4.7753424657534245,5,4.076712328767123,183968,365,2.0,0.17509157509157508,0.3189770969863113,0.21838289719397821
2024-09-25 11:17:30,3356,9,49110,0,0,18,3,3.0,2,2.0,85224,9,1.3333333333333333,0.3333333333333333,0.7777777777777777,0.5690356063072538
2024-09-25 11:18:30,3356,60,31240,0,0,18,4,0.6,3,0.45,75662,60,2.0,0.23809523809523808,0.4769602946073535,0.35228130887542314
2024-09-25 11:19:30,3356,0,21508,0,0,0,0,0.0,0,0.0,54349,0,0.0,0.0,0.0,0.0
2024-09-25 11:20:30,3356,0,16010,0,0,0,0,0.0,0,0.0,42605,0,0.0,0.0,0.0,0.0
2024-09-25 11:21:30,3356,0,19070,0,0,0,0,0.0,0,0.0,45283,0,0.0,0.0,0.0,0.0
2024-09-25 11:22:30,3356,0,26522,0,0,0,0,0.0,0,0.0,66111,0,0.0,0.0,0.0,0.0
2024-09-25 11:23:30,3356,0,50133,0,0,0,0,0.0,0,0.0,90510,0,0.0,0.0,0.0,0.0
2024-09-25 11:24:30,3356,1,52222,0,0,0,0,0.0,0,0.0,173768,1,1.0,0.0,1.0,0.7071067811865475
2024-09-25 11:25:30,3356,0,30681,0,0,0,0,0.0,0,0.0,66970,0,0.0,0.0,0.0,0.0
2024-09-25 11:26:30,3356,0,25465,0,0,0,0,0.0,0,0.0,64716,0,0.0,0.0,0.0,0.0
2024-09-25 11:27:30,3356,2,60300,0,0,0,0,0.0,0,0.0,105634,2,1.5,0.3333333333333333,0.625,0.48662453289435065
2024-09-25 11:28:30,3356,2,67970,0,0,2,3,2.5,1,0.5,167447,2,1.5,0.3333333333333333,0.625,0.48662453289435065
2024-09-25 11:29:30,3356,42,30374,0,0,4,4,0.14285714285714285,3,0.09523809523809523,62983,42,1.7142857142857142,0.2761904761904762,0.44066960608313993,0.3511984701994376
2024-09-25 11:30:30,3356,11,20634,0,0,0,0,0.0,0,0.0,48261,11,1.5,0.3333333333333333,0.625,0.48662453289435065
2024-09-25 11:31:30,3356,60,49577,0,0,16,2,0.26666666666666666,1,0.13333333333333333,88531,60,1.7142857142857142,0.21904761904761902,0.501998001998002,0.3471227479169171
2024-09-25 11:32:30,3356,5,35426,0,0,0,3,0.6,0,0.0,78360,5,1.6666666666666667,0.26666666666666666,0.5081955081955082,0.38346603713025496
2024-09-25 11:33:30,3356,4,24501,0,0,0,3,0.75,0,0.0,58989,4,1.6666666666666667,0.3333333333333333,0.4478114478114478,0.39031621600916017
2024-09-25 11:34:30,3356,39,59079,0,0,0,3,0.07692307692307693,0,0.0,147627,39,1.6,0.3333333333333333,0.5219047619047619,0.4309402868986417
2024-09-25 11:35:30,3356,20,63334,0,0,0,3,0.15,0,0.0,120582,20,1.6,0.3333333333333333,0.5219047619047619,0.4309402868986417
2024-09-25 11:36:30,3356,2,55087,0,0,0,3,1.5,0,0.0,147597,2,1.5,0.3333333333333333,0.625,0.48662453289435065
2024-09-25 11:37:30,3356,2,71592,0,0,0,3,1.5,0,0.0,142036,2,1.5,0.3333333333333333,0.625,0.48662453289435065
2024-09-25 11:38:30,3356,49,41268,0,0,0,3,0.061224489795918366,0,0.0,78088,49,1.6,0.3333333333333333,0.5219047619047619,0.4309402868986417
2024-09-25 11:39:30,3356,0,43893,0,0,0,0,0.0,0,0.0,87429,0,0.0,0.0,0.0,0.0
2024-09-25 11:40:30,3356,50,64643,0,0,0,0,0.0,0,0.0,106386,50,1.0,0.0,1.0,0.7071067811865475
2024-09-25 11:41:30,3356,0,17392,0,0,0,0,0.0,0,0.0,50876,0,0.0,0.0,0.0,0.0
2024-09-25 11:44:35,3356,0,72918,0,0,0,0,0.0,0,0.0,120339,17,0.0,0.0,0.0,0.0
2024-09-25 11:45:35,3356,51,104827,0,0,0,3,0.17647058823529413,0,0.0,143991,51,2.0,0.17857142857142858,0.4679919398589475,0.29081371594485284
2024-09-25 11:46:35,3356,10,52569,0,0,27,4,3.9,2,1.8,94325,10,1.6666666666666667,0.3333333333333333,0.4478114478114478,0.39031621600916017
2024-09-25 11:47:35,3356,4,33468,0,0,0,0,0.0,0,0.0,67790,4,1.3333333333333333,0.3333333333333333,0.7777777777777777,0.5690356063072538
2024-09-25 11:48:35,3356,97,121640,0,0,0,0,0.0,0,0.0,178081,97,1.0,0.0,1.0,0.7071067811865475
2024-09-25 11:49:35,3356,26,63721,0,0,0,0,0.0,0,0.0,128663,26,1.3333333333333333,0.3333333333333333,0.7777777777777777,0.5690356063072538
2024-09-25 11:50:35,3356,35,78927,0,0,54,2,1.4857142857142858,1,0.6857142857142857,110908,35,1.3333333333333333,0.3333333333333333,0.7777777777777777,0.5690356063072538
2024-09-25 11:51:35,3356,1,36482,0,0,0,0,0.0,0,0.0,79750,1,1.3333333333333333,0.3333333333333333,0.7777777777777777,0.5690356063072538
2024-09-25 11:52:35,3356,0,29612,0,0,0,0,0.0,0,0.0,67921,0,0.0,0.0,0.0,0.0
2024-09-25 11:53:35,3356,59,39415,0,0,0,0,0.0,0,0.0,81138,59,2.0,0.19999999999999998,0.6409523809523809,0.43657491059231324
2024-09-25 11:54:35,3356,1,27731,0,0,0,0,0.0,0,0.0,81589,1,1.3333333333333333,0.3333333333333333,0.7777777777777777,0.5690356063072538
2024-09-25 11:55:35,3356,24,36873,0,0,0,0,0.0,0,0.0,72665,24,1.6,0.3333333333333333,0.5219047619047619,0.4309402868986417
2024-09-25 11:56:35,3356,3,68294,0,0,0,0,0.0,0,0.0,113707,3,1.5,0.3333333333333333,0.625,0.48662453289435065
2024-09-25 11:57:35,3356,3,35378,0,0,0,0,0.0,0,0.0,67371,3,1.3333333333333333,0.3333333333333333,0.7777777777777777,0.5690356063072538
2024-09-25 11:58:35,3356,0,18329,0,0,0,0,0.0,0,0.0,44459,0,0.0,0.0,0.0,0.0
2024-09-25 11:59:35,3356,9,35942,0,0,0,0,0.0,0,0.0,67921,9,1.3333333333333333,0.3333333333333333,0.7777777777777777,0.5690356063072538
2024-09-25 12:00:35,3356,26,31649,0,0,0,0,0.0,0,0.0,67359,26,1.3333333333333333,0.3333333333333333,0.7777777777777777,0.5690356063072538
2024-09-25 12:01:35,3356,23,42403,0,0,0,0,0.0,0,0.0,99213,23,1.3333333333333333,0.3333333333333333,0.7777777777777777,0.5690356063072538
2024-09-25 12:02:35,3356,23,127027,0,0,19,2,0.782608695652174,2,0.5217391304347826,193776,23,2.0,0.16666666666666666,0.6952380952380951,0.4251233204795392
2024-09-25 12:03:35,3356,56,183745,0,0,36,2,0.6071428571428571,1,0.30357142857142855,268597,56,2.0,0.16666666666666666,0.6952380952380952,0.4251233204795393
2024-09-25 12:04:35,3356,0,36566,0,0,0,0,0.0,0,0.0,72008,0,0.0,0.0,0.0,0.0
2024-09-25 12:05:35,3356,0,37460,0,0,0,0,0.0,0,0.0,73063,0,0.0,0.0,0.0,0.0
2024-09-25 12:06:35,3356,9,21821,0,0,0,0,0.0,0,0.0,51048,9,1.3333333333333333,0.3333333333333333,0.7777777777777777,0.5690356063072538
2024-09-25 12:07:35,3356,19,41716,0,0,18,4,1.894736842105263,2,0.9473684210526315,78952,19,1.7777777777777777,0.2619047619047619,0.371944891751655,0.3014953662347427
2024-09-25 12:08:35,3356,7,36867,0,0,1,3,0.42857142857142855,0,0.0,70234,7,1.6666666666666667,0.3333333333333333,0.4478114478114478,0.39031621600916017
2024-09-25 12:09:35,3356,0,21278,0,0,0,0,0.0,0,0.0,49608,0,0.0,0.0,0.0,0.0
2024-09-25 12:10:35,3356,0,28746,0,0,0,0,0.0,0,0.0,66468,0,0.0,0.0,0.0,0.0
2024-09-25 12:11:35,3356,38,47687,0,0,0,0,0.0,0,0.0,105584,38,1.3333333333333333,0.3333333333333333,0.7777777777777777,0.5690356063072538
2024-09-25 12:12:35,3356,53,50825,0,0,64,2,1.2075471698113207,2,1.2075471698113207,89109,53,1.5,0.3333333333333333,0.625,0.48662453289435065
2024-09-25 12:13:35,3356,9,31054,0,0,18,3,3.0,2,2.0,64084,9,1.3333333333333333,0.3333333333333333,0.7777777777777777,0.5690356063072538
2024-09-25 12:14:35,3356,2,34825,0,0,0,0,0.0,0,0.0,68042,2,1.3333333333333333,0.3333333333333333,0.7777777777777777,0.5690356063072538
2024-09-25 12:15:35,3356,3,162805,0,0,0,0,0.0,0,0.0,225397,3,1.3333333333333333,0.3333333333333333,0.7777777777777777,0.5690356063072538
2024-09-25 12:16:35,3356,37,56579,0,0,0,0,0.0,0,0.0,88154,37,2.0,0.16666666666666666,0.75,0.5
2024-09-25 12:17:35,3356,11,33751,0,0,7,5,0.7272727272727273,3,0.36363636363636365,68696,11,1.75,0.33333333333333326,0.3486426767676768,0.3341840427884324
2024-09-25 12:18:35,3356,0,35420,0,0,0,0,0.0,0,0.0,68139,0,0.0,0.0,0.0,0.0
2024-09-25 12:19:35,3356,0,28646,0,0,0,0,0.0,0,0.0,64698,0,0.0,0.0,0.0,0.0
2024-09-25 12:20:35,3356,0,28557,0,0,0,0,0.0,0,0.0,69348,0,0.0,0.0,0.0,0.0
2024-09-25 12:21:35,3356,0,53996,0,0,0,0,0.0,0,0.0,104609,0,0.0,0.0,0.0,0.0
2024-09-25 12:22:35,3356,1,32101,0,0,0,0,0.0,0,0.0,78224,1,1.3333333333333333,0.3333333333333333,0.7777777777777777,0.5690356063072538
2024-09-25 12:23:35,3356,1,39668,0,0,0,3,3.0,0,0.0,89287,1,1.3333333333333333,0.3333333333333333,0.7777777777777777,0.5690356063072538
2024-09-25 12:24:35,3356,1,37142,0,0,0,3,3.0,0,0.0,77668,1,1.3333333333333333,0.3333333333333333,0.7777777777777777,0.5690356063072538
2024-09-25 12:25:35,3356,59,55107,0,0,0,3,0.05084745762711865,0,0.0,90668,59,1.6666666666666667,0.26666666666666666,0.5081955081955082,0.38346603713025496
2024-09-25 12:26:35,3356,25,23348,0,0,115,3,1.96,2,1.84,55146,25,1.7142857142857142,0.2761904761904762,0.44066960608313993,0.35119847019943756
2024-09-25 12:27:35,3356,10,36255,0,0,0,3,0.3,0,0.0,81808,10,1.6,0.3333333333333333,0.5219047619047619,0.4309402868986417
2024-09-25 12:28:35,3356,8,50179,0,0,17,4,3.875,2,1.75,84123,8,1.6666666666666667,0.3333333333333333,0.4478114478114478,0.39031621600916017
2024-09-25 12:29:35,3356,42,119976,0,0,0,3,0.07142857142857142,0,0.0,180500,42,1.5,0.3333333333333333,0.625,0.48662453289435065
2024-09-25 12:30:35,3356,42,125024,0,0,139,3,2.0238095238095237,1,0.40476190476190477,205178,42,1.6666666666666667,0.21666666666666667,0.5625,0.38091677180278594
2024-09-25 12:31:35,3356,80,71887,0,0,40,3,0.5,2,0.2625,117367,80,2.1818181818181817,0.15555555555555556,0.4371359613997006,0.2709332423318447
2024-09-25 12:32:35,3356,60,138975,0,0,119,3,2.15,3,2.85,186947,60,2.0,0.17857142857142855,0.5072762033288348,0.3144627208978557
2024-09-25 12:33:35,3356,2,31994,0,0,0,3,1.5,0,0.0,68094,2,1.5,0.3333333333333333,0.625,0.48662453289435065
2024-09-25 12:34:35,3356,0,29282,0,0,0,0,0.0,0,0.0,73099,0,0.0,0.0,0.0,0.0
2024-09-25 12:35:35,3356,0,51278,0,0,0,0,0.0,0,0.0,120906,0,0.0,0.0,0.0,0.0
2024-09-25 12:36:35,3356,0,59831,0,0,0,0,0.0,0,0.0,123088,0,0.0,0.0,0.0,0.0
2024-09-25 12:37:35,3356,1,57988,0,0,0,0,0.0,0,0.0,106161,1,1.3333333333333333,0.3333333333333333,0.7777777777777777,0.5690356063072538
2024-09-25 12:38:35,3356,9,24832,0,0,0,0,0.0,0,0.0,56169,9,1.3333333333333333,0.3333333333333333,0.7777777777777777,0.5690356063072538
2024-09-25 12:39:35,3356,9,55650,0,0,18,4,4.0,2,2.0,115621,9,1.5,0.3333333333333333,0.625,0.48662453289435065
2024-09-25 12:40:35,3356,0,49386,0,0,0,0,0.0,0,0.0,102817,0,0.0,0.0,0.0,0.0
2024-09-25 12:41:35,3356,0,29823,0,0,0,0,0.0,0,0.0,67394,0,0.0,0.0,0.0,0.0
2024-09-25 12:42:35,3356,0,46025,0,0,0,0,0.0,0,0.0,80196,0,0.0,0.0,0.0,0.0
2024-09-25 12:43:35,3356,0,19812,0,0,0,0,0.0,0,0.0,50417,0,0.0,0.0,0.0,0.0
2024-09-25 12:44:35,3356,0,19305,0,0,0,0,0.0,0,0.0,52588,0,0.0,0.0,0.0,0.0
2024-09-25 12:45:35,3356,0,21629,0,0,0,0,0.0,0,0.0,52316,0,0.0,0.0,0.0,0.0
2024-09-25 12:46:35,3356,0,17805,0,0,0,0,0.0,0,0.0,46701,0,0.0,0.0,0.0,0.0
2024-09-25 12:47:35,3356,14,43524,0,0,0,0,0.0,0,0.0,99506,14,1.8181818181818181,0.21212121212121213,0.3629857496865169,0.2611364160758702
2024-09-25 12:48:35,3356,3,38722,0,0,1,3,1.0,0,0.0,71917,3,1.6666666666666667,0.3333333333333333,0.4478114478114478,0.39031621600916017
2024-09-25 12:49:35,3356,1,21432,0,0,0,3,3.0,0,0.0,51544,1,1.3333333333333333,0.3333333333333333,0.7777777777777777,0.5690356063072538
2024-09-25 12:50:35,3356,11,88681,0,0,0,3,0.2727272727272727,0,0.0,165071,11,1.5,0.3333333333333333,0.625,0.48662453289435065
2024-09-25 12:51:35,3356,47,98639,0,0,0,0,0.0,0,0.0,140503,47,1.5,0.3333333333333333,0.625,0.48662453289435065
2024-09-25 12:52:35,3356,9,69508,0,0,18,4,4.0,2,2.0,153837,9,1.5,0.3333333333333333,0.625,0.48662453289435065
2024-09-25 12:53:35,3356,0,67539,0,0,0,0,0.0,0,0.0,132106,0,0.0,0.0,0.0,0.0
2024-09-25 12:54:35,3356,0,27407,0,0,0,0,0.0,0,0.0,68741,0,0.0,0.0,0.0,0.0
2024-09-25 12:55:35,3356,59,33089,0,0,0,0,0.0,0,0.0,71756,59,2.0,0.19999999999999998,0.6409523809523809,0.43657491059231324
2024-09-25 12:56:35,3356,0,30048,0,0,0,0,0.0,0,0.0,75228,0,0.0,0.0,0.0,0.0
2024-09-25 12:57:35,3356,9,29140,0,0,0,0,0.0,0,0.0,64740,9,1.3333333333333333,0.3333333333333333,0.7777777777777777,0.5690356063072538
2024-09-25 12:58:35,3356,9,35738,0,0,18,4,4.0,2,2.0,70446,9,1.5,0.3333333333333333,0.625,0.48662453289435065
2024-09-25 12:59:35,3356,57,158826,0,0,18,3,0.47368421052631576,2,0.3157894736842105,261804,57,2.0,0.0,1.0,0.5773502691896258
2024-09-25 13:00:35,3356,153,94541,0,0,4,2,0.026143790849673203,1,0.013071895424836602,184117,153,1.5,0.25,0.7000000000000001,0.48296289541914517
2024-09-25 13:01:35,3356,115,58709,0,0,303,2,1.6521739130434783,1,0.5217391304347826,92316,115,1.5,0.25,0.7000000000000001,0.48296289541914517
2024-09-25 13:02:35,3356,2,24731,0,0,0,0,0.0,0,0.0,53366,2,1.5,0.3333333333333333,0.625,0.48662453289435065
2024-09-25 13:03:35,3356,17,52224,0,0,0,0,0.0,0,0.0,84290,17,1.6666666666666667,0.26666666666666666,0.5081955081955082,0.383466037130255
2024-09-25 13:04:35,3356,46,135153,0,0,4,3,0.15217391304347827,2,0.08695652173913043,192814,46,2.0,0.2476190476190476,0.46996336996337007,0.33706742235518944
2024-09-25 13:05:35,3356,0,64478,0,0,0,0,0.0,0,0.0,103021,0,0.0,0.0,0.0,0.0
2024-09-25 13:06:35,3356,0,40356,0,0,0,0,0.0,0,0.0,74729,0,0.0,0.0,0.0,0.0
2024-09-25 13:07:35,3356,0,55209,0,0,0,0,0.0,0,0.0,138766,0,0.0,0.0,0.0,0.0
2024-09-25 13:08:35,3356,10,66153,0,0,0,0,0.0,0,0.0,137639,10,1.6666666666666667,0.3333333333333333,0.4478114478114478,0.39031621600916017
2024-09-25 13:09:35,3356,1,42603,0,0,0,3,3.0,0,0.0,88856,1,1.3333333333333333,0.3333333333333333,0.7777777777777777,0.5690356063072538
2024-09-25 13:10:35,3356,6,45743,0,0,0,3,0.5,0,0.0,96323,6,1.75,0.26190476190476186,0.4094065656565657,0.3235206969834064
2024-09-25 13:11:35,3356,3,35728,0,0,7,5,4.333333333333333,3,2.0,67562,3,1.7142857142857142,0.33333333333333337,0.3920722135007849,0.3590960081563207
2024-09-25 13:12:35,3356,1,39110,0,0,0,3,3.0,0,0.0,85971,1,1.3333333333333333,0.3333333333333333,0.7777777777777777,0.5690356063072538
2024-09-25 13:13:35,3356,1,22972,0,0,0,3,3.0,0,0.0,54326,1,1.3333333333333333,0.3333333333333333,0.7777777777777777,0.5690356063072538
2024-09-25 13:14:35,3356,1,23725,0,0,0,3,3.0,0,0.0,57597,1,1.3333333333333333,0.3333333333333333,0.7777777777777777,0.5690356063072538
2024-09-25 13:15:35,3356,0,25184,0,0,0,0,0.0,0,0.0,68816,0,0.0,0.0,0.0,0.0
2024-09-25 13:16:35,3356,57,70678,0,0,0,0,0.0,0,0.0,119039,57,1.6,0.3333333333333333,0.5219047619047619,0.4309402868986417
2024-09-25 13:17:35,3356,2,57786,0,0,0,0,0.0,0,0.0,114543,2,1.5,0.25,0.7000000000000001,0.48296289541914517
2024-09-25 13:18:35,3356,11,90219,0,0,4,3,0.5454545454545454,1,0.18181818181818182,185170,11,1.7142857142857142,0.2952380952380952,0.4216195569136746,0.3544836299050997
2024-09-25 13:19:35,3356,3,66032,0,0,0,0,0.0,0,0.0,118512,3,1.3333333333333333,0.3333333333333333,0.7777777777777777,0.5690356063072538
2024-09-25 13:20:35,3356,13,36679,0,0,0,0,0.0,0,0.0,80664,13,1.5,0.25,0.7000000000000001,0.48296289541914517
2024-09-25 13:21:35,3356,16,36495,0,0,24,3,2.25,1,0.75,68024,16,1.7142857142857142,0.21904761904761902,0.501998001998002,0.3471227479169171
2024-09-25 13:22:35,3356,4,39778,0,0,0,0,0.0,0,0.0,77914,4,1.5,0.3333333333333333,0.625,0.48662453289435065
2024-09-25 13:23:35,3356,8,34563,0,0,0,0,0.0,0,0.0,85116,8,1.0,0.0,1.0,0.7071067811865475
2024-09-25 13:24:35,3356,93,139599,0,0,0,0,0.0,0,0.0,228117,93,2.25,0.20833333333333334,0.4656314273961333,0.32631459476780156
2024-09-25 13:25:35,3356,21,156999,0,0,63,4,0.9047619047619048,4,0.8095238095238095,327418,21,1.8333333333333333,0.21060606060606057,0.3402986540917576,0.24679171526925717
2024-09-25 13:26:35,3356,7,57379,0,0,13,4,3.4285714285714284,3,2.5714285714285716,99562,7,1.6,0.3333333333333333,0.5219047619047619,0.4309402868986417
2024-09-25 13:27:35,3356,1,47603,0,0,2,4,4.0,3,3.0,101454,1,1.5,0.3333333333333333,0.625,0.48662453289435065
2024-09-25 13:28:35,3356,0,48328,0,0,0,0,0.0,0,0.0,100159,0,0.0,0.0,0.0,0.0
2024-09-25 13:29:35,3356,0,46021,0,0,0,0,0.0,0,0.0,95399,0,0.0,0.0,0.0,0.0
2024-09-25 13:30:35,3356,815,131587,0,0,0,0,0.0,0,0.0,162275,815,1.0,0.0,1.0,0.7071067811865475
2024-09-25 13:31:35,3356,10,81803,0,0,0,0,0.0,0,0.0,137583,10,1.6,0.3333333333333333,0.5219047619047619,0.4309402868986417
2024-09-25 13:32:35,3356,13,71341,0,0,1,3,0.23076923076923078,0,0.0,138461,13,1.75,0.23214285714285715,0.4393083898198988,0.3190565762684052
2024-09-25 13:33:35,3356,50,141037,0,0,24,3,0.48,1,0.16,215516,50,2.0,0.2166666666666667,0.5562770562770563,0.3802425943367204
2024-09-25 13:34:35,3356,28,85687,0,0,16,3,0.5357142857142857,1,0.14285714285714285,129679,28,1.6,0.26666666666666666,0.5822222222222223,0.4261973887305469
2024-09-25 13:35:35,3356,12,36313,0,0,0,0,0.0,0,0.0,68538,12,1.6,0.3333333333333333,0.5219047619047619,0.4309402868986417
2024-09-25 13:36:35,3356,11,28775,0,0,0,0,0.0,0,0.0,64549,11,1.6666666666666667,0.21666666666666667,0.5625,0.3809167718027859
2024-09-25 13:37:35,3356,12,42174,0,0,28,3,1.6666666666666667,1,0.3333333333333333,100337,12,1.6666666666666667,0.21666666666666667,0.5625,0.3809167718027859
2024-09-25 13:38:35,3356,10,68434,0,0,0,0,0.0,0,0.0,130191,10,1.5,0.3333333333333333,0.625,0.48662453289435065
2024-09-25 13:39:35,3356,12,69869,0,0,18,4,3.0,2,1.5,129852,12,1.7777777777777777,0.23809523809523808,0.3941683422840677,0.3013687604795895
2024-09-25 13:40:35,3356,3,72927,0,0,6,4,2.3333333333333335,2,0.6666666666666666,141114,3,1.7777777777777777,0.2619047619047619,0.371944891751655,0.3014953662347427
2024-09-25 13:41:35,3356,7,54740,0,0,2,4,0.5714285714285714,3,0.42857142857142855,112748,7,1.6666666666666667,0.3333333333333333,0.4478114478114478,0.39031621600916017
2024-09-25 13:42:35,3356,2,32915,0,0,0,0,0.0,0,0.0,70606,2,1.0,0.0,1.0,0.7071067811865475
2024-09-25 13:43:35,3356,0,29959,0,0,0,0,0.0,0,0.0,65635,0,0.0,0.0,0.0,0.0
2024-09-25 13:44:35,3356,0,25645,0,0,0,0,0.0,0,0.0,56796,0,0.0,0.0,0.0,0.0
2024-09-25 13:45:35,3356,61,135134,0,0,0,0,0.0,0,0.0,166308,61,2.0,0.2095238095238095,0.512987012987013,0.3401154924037208
2024-09-25 13:46:35,3356,0,22847,0,0,0,0,0.0,0,0.0,59833,0,0.0,0.0,0.0,0.0
2024-09-25 13:47:35,3356,1,47901,0,0,0,0,0.0,0,0.0,99110,1,1.3333333333333333,0.3333333333333333,0.7777777777777777,0.5690356063072538
2024-09-25 13:48:35,3356,811,140879,0,0,0,0,0.0,0,0.0,201248,811,2.0,0.16666666666666666,0.75,0.5
2024-09-25 13:49:35,3356,11,48495,0,0,0,0,0.0,0,0.0,86243,11,1.6,0.26666666666666666,0.5822222222222222,0.4261973887305469
2024-09-25 13:50:35,3356,0,39409,0,0,0,0,0.0,0,0.0,83866,0,0.0,0.0,0.0,0.0
2024-09-25 13:51:35,3356,24,47462,0,0,0,0,0.0,0,0.0,99735,24,1.6,0.3333333333333333,0.5219047619047619,0.43094028689864183
2024-09-25 13:52:35,3356,0,61339,0,0,0,0,0.0,0,0.0,111585,0,0.0,0.0,0.0,0.0
2024-09-25 13:53:35,3356,59,61296,0,0,0,0,0.0,0,0.0,115952,59,2.0,0.19999999999999998,0.6409523809523809,0.43657491059231324
2024-09-25 13:54:35,3356,19,89874,0,0,0,0,0.0,0,0.0,141476,19,2.6666666666666665,0.10454545454545454,0.4983130878845308,0.26758536803514527
2024-09-25 13:55:35,3356,16,51976,0,0,0,6,5.0,0,0.0,103664,16,2.6666666666666665,0.10454545454545454,0.49831308788453094,0.26758536803514527
2024-09-25 13:56:35,3356,2,61904,0,0,0,0,0.0,0,0.0,106853,2,1.6,0.3333333333333333,0.5219047619047619,0.4309402868986417
2024-09-25 13:57:35,3356,858,269524,0,0,0,0,0.0,0,0.0,346925,858,1.6666666666666667,0.3333333333333333,0.4478114478114478,0.39031621600916017
2024-09-25 13:58:35,3356,0,256654,0,0,0,0,0.0,0,0.0,329218,0,0.0,0.0,0.0,0.0
2024-09-25 13:59:35,3356,11,256259,0,0,0,0,0.0,0,0.0,338265,11,1.7142857142857142,0.2761904761904762,0.44066960608313993,0.3511984701994376
2024-09-25 14:00:35,3356,6,226074,0,0,2,3,0.5,2,0.3333333333333333,309071,6,1.5,0.3333333333333333,0.625,0.48662453289435065
2024-09-25 14:01:35,3356,48,275970,0,0,0,0,0.0,0,0.0,376814,48,1.0,0.0,1.0,0.7071067811865475
2024-09-25 14:02:35,3356,12,164501,0,0,0,0,0.0,0,0.0,273116,12,2.0,0.23809523809523808,0.4769602946073534,0.3522813088754231
2024-09-25 14:03:35,3356,0,82470,0,0,0,0,0.0,0,0.0,146372,0,0.0,0.0,0.0,0.0
2024-09-25 14:04:35,3356,0,46497,0,0,0,0,0.0,0,0.0,92726,0,0.0,0.0,0.0,0.0
2024-09-25 14:05:35,3356,0,44461,0,0,0,0,0.0,0,0.0,75394,0,0.0,0.0,0.0,0.0
2024-09-25 14:06:35,3356,0,28173,0,0,0,0,0.0,0,0.0,67302,0,0.0,0.0,0.0,0.0
2024-09-25 14:07:35,3356,57,61615,0,0,0,0,0.0,0,0.0,99828,57,1.6,0.3333333333333333,0.5219047619047619,0.4309402868986417
2024-09-25 14:08:35,3356,21,36326,0,0,42,3,3.0,2,2.0,88857,21,1.3333333333333333,0.3333333333333333,0.7777777777777777,0.5690356063072538
2024-09-25 14:09:35,3356,9,58086,0,0,3,4,0.4444444444444444,3,0.3333333333333333,120696,9,1.5,0.3333333333333333,0.625,0.48662453289435065
2024-09-25 14:10:35,3356,0,188443,0,0,0,0,0.0,0,0.0,323014,0,0.0,0.0,0.0,0.0
2024-09-25 14:11:35,3356,0,101363,0,0,0,0,0.0,0,0.0,164302,0,0.0,0.0,0.0,0.0
2024-09-25 14:12:35,3356,2,30182,0,0,0,0,0.0,0,0.0,64317,2,1.6,0.3333333333333333,0.5219047619047619,0.4309402868986417
2024-09-25 14:13:35,3356,51,165205,0,0,0,3,0.058823529411764705,0,0.0,219421,51,1.6666666666666667,0.26666666666666666,0.5081955081955082,0.383466037130255
2024-09-25 14:14:35,3356,825,164268,0,0,4,3,0.008484848484848486,2,0.0048484848484848485,199200,825,1.6666666666666667,0.26666666666666666,0.5081955081955082,0.38346603713025496
2024-09-25 14:15:35,3356,1,76460,0,0,0,3,3.0,0,0.0,178943,1,1.3333333333333333,0.3333333333333333,0.7777777777777777,0.5690356063072538
2024-09-25 14:16:35,3356,1,68624,0,0,0,0,0.0,0,0.0,128600,1,1.3333333333333333,0.3333333333333333,0.7777777777777777,0.5690356063072538
2024-09-25 14:17:35,3356,0,51692,0,0,0,0,0.0,0,0.0,91972,0,0.0,0.0,0.0,0.0
2024-09-25 14:18:35,3356,0,56165,0,0,0,0,0.0,0,0.0,102333,0,0.0,0.0,0.0,0.0
2024-09-25 14:19:35,3356,11,46711,0,0,0,0,0.0,0,0.0,85660,11,1.6,0.3333333333333333,0.5219047619047619,0.4309402868986417
2024-09-25 14:20:35,3356,62,64710,0,0,29,4,0.6935483870967742,3,0.3387096774193548,108207,62,2.0,0.1924242424242424,0.3594714089248856,0.250551549532155
2024-09-25 14:21:35,3356,4,53116,0,0,4,3,1.5,2,1.0,109713,4,1.5,0.3333333333333333,0.625,0.48662453289435065
2024-09-25 14:22:35,3356,0,35621,0,0,0,0,0.0,0,0.0,65873,0,0.0,0.0,0.0,0.0
2024-09-25 14:23:35,3356,0,55338,0,0,0,0,0.0,0,0.0,91353,0,0.0,0.0,0.0,0.0
2024-09-25 14:24:35,3356,1,82834,0,0,0,0,0.0,0,0.0,128158,1,1.5,0.3333333333333333,0.625,0.48662453289435065
2024-09-25 14:25:35,3356,0,50693,0,0,0,0,0.0,0,0.0,94856,0,0.0,0.0,0.0,0.0
2024-09-25 14:26:35,3356,0,34765,0,0,0,0,0.0,0,0.0,72734,0,0.0,0.0,0.0,0.0
2024-09-25 14:27:35,3356,0,48564,0,0,0,0,0.0,0,0.0,102368,0,0.0,0.0,0.0,0.0
2024-09-25 14:28:35,3356,9,44045,0,0,0,0,0.0,0,0.0,87234,9,1.3333333333333333,0.3333333333333333,0.7777777777777777,0.5690356063072538
2024-09-25 14:29:35,3356,0,33371,0,0,0,0,0.0,0,0.0,73922,0,0.0,0.0,0.0,0.0
2024-09-25 14:30:35,3356,9,68205,0,0,0,0,0.0,0,0.0,140783,9,1.5,0.3333333333333333,0.625,0.48662453289435065
2024-09-25 14:31:35,3356,2,53904,0,0,0,0,0.0,0,0.0,95154,2,1.3333333333333333,0.3333333333333333,0.7777777777777777,0.5690356063072538
2024-09-25 14:32:35,3356,0,25439,0,0,0,0,0.0,0,0.0,56926,0,0.0,0.0,0.0,0.0
2024-09-25 14:33:35,3356,0,28899,0,0,0,0,0.0,0,0.0,65862,0,0.0,0.0,0.0,0.0
2024-09-25 14:34:35,3356,0,24368,0,0,0,0,0.0,0,0.0,74485,0,0.0,0.0,0.0,0.0
2024-09-25 14:35:35,3356,0,22938,0,0,0,0,0.0,0,0.0,52636,0,0.0,0.0,0.0,0.0
2024-09-25 14:36:35,3356,0,32040,0,0,0,0,0.0,0,0.0,72316,0,0.0,0.0,0.0,0.0
2024-09-25 14:37:35,3356,0,30291,0,0,0,0,0.0,0,0.0,63127,0,0.0,0.0,0.0,0.0
2024-09-25 14:38:35,3356,0,35828,0,0,0,0,0.0,0,0.0,75217,0,0.0,0.0,0.0,0.0
2024-09-25 14:39:35,3356,0,45468,0,0,0,0,0.0,0,0.0,97780,0,0.0,0.0,0.0,0.0
2024-09-25 14:40:35,3356,2,44518,0,0,0,0,0.0,0,0.0,87431,2,1.5,0.3333333333333333,0.625,0.48662453289435065
2024-09-25 14:41:35,3356,2,30813,0,0,0,3,1.5,0,0.0,66748,2,1.5,0.3333333333333333,0.625,0.48662453289435065
2024-09-25 14:42:35,3356,1,44063,0,0,0,3,3.0,0,0.0,116142,1,1.3333333333333333,0.3333333333333333,0.7777777777777777,0.5690356063072538
2024-09-25 14:43:35,3356,1,60362,0,0,0,3,3.0,0,0.0,151920,1,1.3333333333333333,0.3333333333333333,0.7777777777777777,0.5690356063072538
2024-09-25 14:44:35,3356,1,49009,0,0,0,3,3.0,0,0.0,110832,1,1.3333333333333333,0.3333333333333333,0.7777777777777777,0.5690356063072538
2024-09-25 14:45:35,3356,1,36948,0,0,0,3,3.0,0,0.0,83132,1,1.3333333333333333,0.3333333333333333,0.7777777777777777,0.5690356063072538
2024-09-25 14:46:35,3356,63,48789,0,0,0,3,0.047619047619047616,0,0.0,96556,63,2.0,0.21428571428571427,0.4197965726001501,0.29949222646168583
2024-09-25 14:47:35,3356,4,61388,0,0,6,4,3.75,1,0.75,109404,4,1.6666666666666667,0.3333333333333333,0.4478114478114478,0.39031621600916017
2024-09-25 14:48:35,3356,103,65969,0,0,0,0,0.0,0,0.0,163397,103,2.6666666666666665,0.13333333333333333,0.6547619047619048,0.4022898078883113
2024-09-25 14:49:35,3356,243,62152,0,0,182,2,0.7489711934156379,2,0.7489711934156379,91048,243,2.5,0.1488095238095238,0.5435646053293112,0.3391221793342159
2024-09-25 14:50:35,3356,639,117570,0,0,110,3,0.19561815336463223,2,0.17214397496087636,156331,639,2.2222222222222223,0.19047619047619047,0.4510772210118615,0.28035601857418724
2024-09-25 14:51:35,3356,44,60162,0,0,38,3,1.2727272727272727,2,0.8636363636363636,107131,44,2.0,0.2333333333333334,0.5366855366855368,0.3880813903839085
2024-09-25 14:52:35,3356,42,40327,0,0,0,0,0.0,0,0.0,84029,42,1.5,0.3333333333333333,0.625,0.48662453289435065
2024-09-25 14:53:35,3356,94,54108,0,0,0,0,0.0,0,0.0,127854,94,2.0,0.19999999999999998,0.6409523809523809,0.4365749105923132
2024-09-25 14:54:35,3356,26,67975,0,0,0,0,0.0,0,0.0,144294,26,1.6,0.3333333333333333,0.5219047619047619,0.4309402868986417
2024-09-25 14:55:35,3356,27,59939,0,0,0,0,0.0,0,0.0,136821,27,1.3333333333333333,0.3333333333333333,0.7777777777777777,0.5690356063072538
2024-09-25 14:56:35,3356,58,138772,0,0,0,0,0.0,0,0.0,197057,58,2.0,0.2333333333333333,0.6107936507936508,0.4190333475209709
2024-09-25 14:57:35,3356,79,134695,0,0,0,3,1.5569620253164558,0,0.0,171808,79,2.0,0.17142857142857143,0.5640074211502782,0.3440307415342493
2024-09-25 14:58:35,3356,60,53088,0,0,112,3,2.85,2,1.8666666666666667,91939,60,1.7142857142857142,0.21904761904761902,0.501998001998002,0.3471227479169171
2024-09-25 14:59:35,3356,1,34564,0,0,0,0,0.0,0,0.0,71852,1,1.3333333333333333,0.3333333333333333,0.7777777777777777,0.5690356063072538
2024-09-25 15:00:35,3356,13,37678,0,0,0,3,0.23076923076923078,0,0.0,75365,13,1.75,0.26190476190476186,0.4094065656565657,0.3235206969834064
2024-09-25 15:01:35,3356,11,78666,0,0,18,4,3.5454545454545454,2,1.6363636363636365,155120,11,1.7777777777777777,0.2619047619047619,0.371944891751655,0.3014953662347427
2024-09-25 15:02:35,3356,1,42723,0,0,0,3,3.0,0,0.0,79096,1,1.3333333333333333,0.3333333333333333,0.7777777777777777,0.5690356063072538
2024-09-25 15:03:35,3356,1,54647,0,0,0,3,3.0,0,0.0,106259,1,1.3333333333333333,0.3333333333333333,0.7777777777777777,0.5690356063072538
2024-09-25 15:04:35,3356,1,42076,0,0,0,3,3.0,0,0.0,87789,1,1.3333333333333333,0.3333333333333333,0.7777777777777777,0.5690356063072538
2024-09-25 15:05:35,3356,0,42935,0,0,0,0,0.0,0,0.0,82652,0,0.0,0.0,0.0,0.0
2024-09-25 15:06:35,3356,0,37139,0,0,0,0,0.0,0,0.0,77836,0,0.0,0.0,0.0,0.0
2024-09-25 15:07:35,3356,0,37607,0,0,0,0,0.0,0,0.0,82364,0,0.0,0.0,0.0,0.0
2024-09-25 15:08:35,3356,0,26263,0,0,0,0,0.0,0,0.0,61339,0,0.0,0.0,0.0,0.0
2024-09-25 15:09:35,3356,59,44513,0,0,0,0,0.0,0,0.0,93006,59,2.0,0.19999999999999998,0.6409523809523809,0.43657491059231324
2024-09-25 15:10:35,3356,0,34060,0,0,0,0,0.0,0,0.0,70885,0,0.0,0.0,0.0,0.0
2024-09-25 15:11:35,3356,11,46289,0,0,0,0,0.0,0,0.0,87523,11,1.6,0.3333333333333333,0.5219047619047619,0.43094028689864183
2024-09-25 15:12:35,3356,0,28197,0,0,0,0,0.0,0,0.0,60459,0,0.0,0.0,0.0,0.0
2024-09-25 15:13:35,3356,3,36132,0,0,0,0,0.0,0,0.0,74082,3,1.5,0.3333333333333333,0.625,0.48662453289435065
2024-09-25 15:14:35,3356,0,29232,0,0,0,0,0.0,0,0.0,75724,0,0.0,0.0,0.0,0.0
2024-09-25 15:15:35,3356,0,42281,0,0,0,0,0.0,0,0.0,82643,0,0.0,0.0,0.0,0.0
2024-09-25 15:16:35,3356,0,32343,0,0,0,0,0.0,0,0.0,69434,0,0.0,0.0,0.0,0.0
2024-09-25 15:17:35,3356,0,28039,0,0,0,0,0.0,0,0.0,67460,0,0.0,0.0,0.0,0.0
2024-09-25 15:18:35,3356,0,21459,0,0,0,0,0.0,0,0.0,60328,0,0.0,0.0,0.0,0.0
2024-09-25 15:19:35,3356,0,50731,0,0,0,0,0.0,0,0.0,152707,0,0.0,0.0,0.0,0.0
2024-09-25 15:20:35,3356,0,28613,0,0,0,0,0.0,0,0.0,66205,0,0.0,0.0,0.0,0.0
2024-09-25 15:21:35,3356,0,34350,0,0,0,0,0.0,0,0.0,75641,0,0.0,0.0,0.0,0.0
2024-09-25 15:22:35,3356,0,31702,0,0,0,0,0.0,0,0.0,71135,0,0.0,0.0,0.0,0.0
2024-09-25 15:23:35,3356,0,34266,0,0,0,0,0.0,0,0.0,68032,0,0.0,0.0,0.0,0.0
2024-09-25 15:24:35,3356,58,124466,0,0,0,0,0.0,0,0.0,166651,58,2.0,0.2333333333333333,0.6107936507936508,0.4190333475209709
2024-09-25 15:25:35,3356,0,31175,0,0,0,0,0.0,0,0.0,72721,0,0.0,0.0,0.0,0.0
2024-09-25 15:26:35,3356,0,28801,0,0,0,0,0.0,0,0.0,66548,0,0.0,0.0,0.0,0.0
2024-09-25 15:27:35,3356,0,32593,0,0,0,0,0.0,0,0.0,77848,0,0.0,0.0,0.0,0.0
2024-09-25 15:28:35,3356,1,23172,0,0,0,0,0.0,0,0.0,56848,1,1.3333333333333333,0.3333333333333333,0.7777777777777777,0.5690356063072538
2024-09-25 15:29:35,3356,50,29161,0,0,0,3,0.06,0,0.0,70118,50,1.75,0.26190476190476186,0.4094065656565657,0.3235206969834064
2024-09-25 15:30:35,3356,6,19990,0,0,2,4,0.6666666666666666,3,0.5,54654,6,1.5,0.3333333333333333,0.625,0.48662453289435065
2024-09-25 15:31:35,3356,47,56152,0,0,3,3,0.06382978723404255,3,0.06382978723404255,99959,47,1.5,0.3333333333333333,0.625,0.48662453289435065
2024-09-25 15:32:35,3356,4,41770,0,0,0,0,0.0,0,0.0,92753,4,1.0,0.0,1.0,0.7071067811865475
2024-09-25 15:33:35,3356,0,22112,0,0,0,0,0.0,0,0.0,57873,0,0.0,0.0,0.0,0.0
2024-09-25 15:34:35,3356,0,23526,0,0,0,0,0.0,0,0.0,57753,0,0.0,0.0,0.0,0.0
2024-09-25 15:35:35,3356,0,33187,0,0,0,0,0.0,0,0.0,83013,0,0.0,0.0,0.0,0.0
2024-09-25 15:36:35,3356,1,33934,0,0,0,0,0.0,0,0.0,78702,1,1.3333333333333333,0.3333333333333333,0.7777777777777777,0.5690356063072538
2024-09-25 15:37:35,3356,50,126355,0,0,2,3,0.06,2,0.04,160894,50,1.5,0.3333333333333333,0.625,0.48662453289435065
2024-09-25 15:38:35,3356,11,47140,0,0,3,3,0.5454545454545454,2,0.18181818181818182,102524,11,1.7142857142857142,0.2571428571428571,0.4607843137254902,0.349927215853377
2024-09-25 15:39:35,3356,60,37707,0,0,22,4,0.7166666666666667,3,0.5333333333333333,69735,60,2.0,0.23809523809523808,0.4769602946073534,0.3522813088754231
2024-09-25 15:40:35,3356,1,20406,0,0,3,3,3.0,2,2.0,49292,1,1.3333333333333333,0.3333333333333333,0.7777777777777777,0.5690356063072538
2024-09-25 15:41:35,3356,9,35837,0,0,0,0,0.0,0,0.0,76629,9,1.5,0.3333333333333333,0.625,0.48662453289435065
2024-09-25 15:42:35,3356,1,32615,0,0,0,0,0.0,0,0.0,63948,1,1.5,0.3333333333333333,0.625,0.48662453289435065
2024-09-25 15:43:35,3356,2,26156,0,0,0,0,0.0,0,0.0,59481,2,1.5,0.3333333333333333,0.625,0.48662453289435065
2024-09-25 15:44:35,3356,0,34885,0,0,0,0,0.0,0,0.0,87240,0,0.0,0.0,0.0,0.0
2024-09-25 15:45:35,3356,1,42979,0,0,0,0,0.0,0,0.0,94408,1,1.3333333333333333,0.3333333333333333,0.7777777777777777,0.5690356063072538
2024-09-25 15:46:35,3356,0,58877,0,0,0,0,0.0,0,0.0,139070,0,0.0,0.0,0.0,0.0
2024-09-25 15:47:35,3356,0,83316,0,0,0,0,0.0,0,0.0,207706,0,0.0,0.0,0.0,0.0
2024-09-25 15:48:35,3356,38,39872,0,0,0,0,0.0,0,0.0,76489,38,1.3333333333333333,0.3333333333333333,0.7777777777777777,0.5690356063072538
2024-09-25 15:49:35,3356,21,56961,0,0,0,0,0.0,0,0.0,100564,21,1.6,0.3333333333333333,0.5219047619047619,0.4309402868986417
2024-09-25 15:50:35,3356,0,38167,0,0,0,0,0.0,0,0.0,74768,0,0.0,0.0,0.0,0.0
2024-09-25 15:51:35,3356,9,33296,0,0,0,0,0.0,0,0.0,71769,9,1.3333333333333333,0.3333333333333333,0.7777777777777777,0.5690356063072538
2024-09-25 15:52:35,3356,57,150639,0,0,27,3,0.47368421052631576,2,0.3157894736842105,206195,57,2.0,0.0,1.0,0.5773502691896258
2024-09-25 15:53:35,3356,0,66482,0,0,0,0,0.0,0,0.0,140098,0,0.0,0.0,0.0,0.0
2024-09-25 15:54:35,3356,0,29895,0,0,0,0,0.0,0,0.0,67278,0,0.0,0.0,0.0,0.0
2024-09-25 15:55:35,3356,0,32822,0,0,0,0,0.0,0,0.0,80718,0,0.0,0.0,0.0,0.0
2024-09-25 15:56:35,3356,715,41102,0,0,0,0,0.0,0,0.0,76179,715,2.75,0.10714285714285715,0.6239583333333333,0.3374570612596256
2024-09-25 15:57:35,3356,98,82398,0,0,0,0,0.0,0,0.0,169628,98,2.3333333333333335,0.15,0.638888888888889,0.39608636811935255
2024-09-25 15:58:35,3356,19,57750,0,0,0,0,0.0,0,0.0,99579,19,2.3333333333333335,0.15,0.638888888888889,0.39608636811935255
2024-09-25 15:59:35,3356,1,36657,0,0,3,3,3.0,3,3.0,89495,1,1.3333333333333333,0.3333333333333333,0.7777777777777777,0.5690356063072538
2024-09-25 16:00:35,3356,58,48450,0,0,0,3,0.05172413793103448,0,0.0,107212,58,1.6666666666666667,0.3333333333333333,0.4478114478114478,0.39031621600916017
2024-09-25 16:01:35,3356,0,77157,0,0,0,0,0.0,0,0.0,174818,0,0.0,0.0,0.0,0.0
2024-09-25 16:02:35,3356,1,89475,0,0,0,0,0.0,0,0.0,176500,1,1.3333333333333333,0.3333333333333333,0.7777777777777777,0.5690356063072538
2024-09-25 16:03:35,3356,1,49539,0,0,0,3,3.0,0,0.0,96048,1,1.3333333333333333,0.3333333333333333,0.7777777777777777,0.5690356063072538
2024-09-25 16:04:35,3356,3,30362,0,0,0,3,1.0,0,0.0,63254,3,1.5,0.3333333333333333,0.625,0.48662453289435065
2024-09-25 16:05:35,3356,27,32260,0,0,0,3,0.1111111111111111,0,0.0,62233,27,1.6,0.3333333333333333,0.5219047619047619,0.4309402868986417
2024-09-25 16:06:35,3356,23,38173,0,0,0,3,0.13043478260869565,0,0.0,72239,23,1.6,0.3333333333333333,0.5219047619047619,0.4309402868986417
2024-09-25 16:07:35,3356,40,100428,0,0,32,3,0.875,1,0.4,153299,40,1.5,0.3333333333333333,0.625,0.48662453289435065
2024-09-25 16:08:35,3356,12,44473,0,0,0,3,0.25,0,0.0,74608,12,1.5,0.3333333333333333,0.625,0.48662453289435065
2024-09-25 16:09:35,3356,60,26895,0,0,22,4,0.7833333333333333,3,0.55,57767,60,2.0,0.23809523809523808,0.4769602946073534,0.3522813088754231
2024-09-25 16:10:35,3356,0,29909,0,0,0,0,0.0,0,0.0,66680,0,0.0,0.0,0.0,0.0
2024-09-25 16:11:35,3356,0,26302,0,0,0,0,0.0,0,0.0,63867,0,0.0,0.0,0.0,0.0
2024-09-25 16:12:35,3356,9,31142,0,0,0,0,0.0,0,0.0,68839,9,1.5,0.3333333333333333,0.625,0.48662453289435065
2024-09-25 16:13:35,3356,0,67386,0,0,0,0,0.0,0,0.0,107503,0,0.0,0.0,0.0,0.0
2024-09-25 16:14:35,3356,47,63457,0,0,0,0,0.0,0,0.0,98052,47,1.5,0.3333333333333333,0.625,0.48662453289435065
2024-09-25 16:15:35,3356,3,67331,0,0,0,0,0.0,0,0.0,108087,3,1.3333333333333333,0.3333333333333333,0.7777777777777777,0.5690356063072538
2024-09-25 16:16:35,3356,1,19561,0,0,0,0,0.0,0,0.0,52330,1,1.3333333333333333,0.3333333333333333,0.7777777777777777,0.5690356063072538
2024-09-25 16:17:35,3356,0,23582,0,0,0,0,0.0,0,0.0,61296,0,0.0,0.0,0.0,0.0
2024-09-25 16:18:35,3356,22,40684,0,0,0,0,0.0,0,0.0,88876,22,2.2,0.18333333333333335,0.4150205243840828,0.29591625060021365
2024-09-25 16:19:35,3356,808,83484,0,0,0,0,0.0,0,0.0,129479,808,2.3333333333333335,0.15,0.638888888888889,0.39608636811935255
2024-09-25 16:20:35,3356,381,169511,0,0,644,7,5.076115485564304,4,3.3753280839895012,213686,381,2.3333333333333335,0.16666666666666666,0.38583186693480814,0.2478941634669454
2024-09-25 16:21:35,3356,83,59905,0,0,0,0,0.0,0,0.0,104297,83,2.0,0.19545454545454546,0.35094051755757666,0.2686062643979788
2024-09-25 16:22:35,3356,101,79554,0,0,5,7,0.10891089108910891,5,0.06930693069306931,129103,101,2.125,0.17083333333333334,0.30979665011757274,0.20725354182196698
2024-09-25 16:23:35,3356,97,107963,0,0,2,4,0.041237113402061855,6,0.061855670103092786,196290,97,1.7777777777777777,0.3333333333333333,0.31386000121632307,0.3137335453807071
2024-09-25 16:24:35,3356,214,53682,0,0,0,0,0.0,0,0.0,98201,214,2.0,0.20634920634920637,0.41942401392005796,0.32024707900471316
2024-09-25 16:25:35,3356,8,83720,0,0,0,0,0.0,0,0.0,168547,8,1.75,0.3333333333333333,0.3486426767676768,0.3341840427884324
2024-09-25 16:26:35,3356,38,92008,0,0,975,2,0.05263157894736842,2,0.05263157894736842,176480,38,1.75,0.23214285714285715,0.4393083898198988,0.31905657626840517
2024-09-25 16:27:35,3356,4,46059,0,0,31,2,0.5,1,0.25,84635,4,1.7777777777777777,0.2222222222222222,0.41232668566001895,0.2966206462961372
2024-09-25 16:28:35,3356,3,32998,0,0,5,3,2.0,2,1.3333333333333333,71654,3,1.6,0.3333333333333333,0.5219047619047619,0.4309402868986417
2024-09-25 16:29:35,3356,5,70660,0,0,3,3,1.0,2,0.4,153602,5,2.0,0.2095238095238095,0.512987012987013,0.3401154924037208
2024-09-25 16:30:35,3356,3,80704,0,0,10,2,2.0,2,1.3333333333333333,146743,3,1.0,0.0,1.0,0.7071067811865475
2024-09-25 16:31:35,3356,4,40802,0,0,4,3,0.75,2,0.5,93122,4,1.6,0.3333333333333333,0.5219047619047619,0.4309402868986417
2024-09-25 16:32:35,3356,0,46408,0,0,0,0,0.0,0,0.0,92313,0,0.0,0.0,0.0,0.0
2024-09-25 16:33:35,3356,828,95747,0,0,0,0,0.0,0,0.0,134320,828,1.3333333333333333,0.3333333333333333,0.7777777777777777,0.5690356063072538
2024-09-25 16:34:35,3356,10,30236,0,0,0,0,0.0,0,0.0,65744,10,1.6,0.3333333333333333,0.5219047619047619,0.4309402868986417
2024-09-25 16:35:35,3356,0,37467,0,0,0,0,0.0,0,0.0,77697,0,0.0,0.0,0.0,0.0
2024-09-25 16:36:35,3356,12,82501,0,0,0,0,0.0,0,0.0,129839,12,2.0,0.21904761904761902,0.4973066149536738,0.3523724197262127
2024-09-25 16:37:35,3356,145,117968,0,0,0,0,0.0,0,0.0,174878,145,2.5,0.14285714285714285,0.553886217948718,0.32462059074393873
2024-09-25 16:38:35,3356,828,67679,0,0,0,0,0.0,0,0.0,110252,828,2.0,0.19642857142857142,0.47659406565656565,0.33286701919818873
2024-09-25 16:39:35,3356,61,58617,0,0,20,3,0.08196721311475409,2,0.06557377049180328,96553,61,2.0,0.18055555555555558,0.43038961038961043,0.28220856782787745
2024-09-25 16:40:35,3356,2,33308,0,0,5,3,3.0,3,2.5,80820,2,1.6,0.3333333333333333,0.5219047619047619,0.4309402868986417
2024-09-25 16:41:35,3356,0,26558,0,0,0,0,0.0,0,0.0,63852,0,0.0,0.0,0.0,0.0
2024-09-25 16:42:35,3356,10,24440,0,0,0,0,0.0,0,0.0,64848,10,1.6,0.3333333333333333,0.5219047619047619,0.4309402868986417
2024-09-25 16:43:35,3356,9,48473,0,0,18,4,4.0,2,2.0,92783,9,1.5,0.3333333333333333,0.625,0.48662453289435065
2024-09-25 16:44:35,3356,1,46276,0,0,0,0,0.0,0,0.0,108138,1,1.3333333333333333,0.3333333333333333,0.7777777777777777,0.5690356063072538
2024-09-25 16:45:35,3356,2,31648,0,0,0,3,1.5,0,0.0,80330,2,1.6,0.3333333333333333,0.5219047619047619,0.4309402868986417
2024-09-25 16:46:35,3356,0,37063,0,0,0,0,0.0,0,0.0,93788,0,0.0,0.0,0.0,0.0
2024-09-25 16:47:35,3356,3,24138,0,0,0,0,0.0,0,0.0,62925,3,1.3333333333333333,0.3333333333333333,0.7777777777777777,0.5690356063072538
2024-09-25 16:48:35,3356,9,32984,0,0,0,0,0.0,0,0.0,74372,9,1.3333333333333333,0.3333333333333333,0.7777777777777777,0.5690356063072538
2024-09-25 16:49:35,3356,0,48773,0,0,0,0,0.0,0,0.0,97318,0,0.0,0.0,0.0,0.0
2024-09-25 16:50:35,3356,2,44723,0,0,0,0,0.0,0,0.0,85265,2,1.5,0.3333333333333333,0.625,0.48662453289435065
2024-09-25 16:51:35,3356,0,23909,0,0,0,0,0.0,0,0.0,61862,0,0.0,0.0,0.0,0.0
2024-09-25 16:52:35,3356,0,29543,0,0,0,0,0.0,0,0.0,63491,0,0.0,0.0,0.0,0.0
2024-09-25 16:53:35,3356,9,83565,0,0,0,0,0.0,0,0.0,205856,9,1.5,0.3333333333333333,0.625,0.48662453289435065
2024-09-25 16:54:35,3356,0,52103,0,0,0,0,0.0,0,0.0,98040,0,0.0,0.0,0.0,0.0
2024-09-25 16:55:35,3356,0,45247,0,0,0,0,0.0,0,0.0,112879,0,0.0,0.0,0.0,0.0
2024-09-25 16:56:35,3356,41,51393,0,0,0,0,0.0,0,0.0,93467,41,1.3333333333333333,0.3333333333333333,0.7777777777777777,0.5690356063072538
2024-09-25 16:57:35,3356,7,40489,0,0,0,0,0.0,0,0.0,89764,7,1.3333333333333333,0.3333333333333333,0.7777777777777777,0.5690356063072538
2024-09-25 16:58:35,3356,46,57607,0,0,14,2,0.30434782608695654,1,0.15217391304347827,94850,46,1.0,0.0,1.0,0.7071067811865475
2024-09-25 16:59:35,3356,5,38560,0,0,0,0,0.0,0,0.0,91942,5,1.5,0.3333333333333333,0.625,0.48662453289435065
2024-09-25 17:00:35,3356,1,30062,0,0,0,3,3.0,0,0.0,72400,1,1.3333333333333333,0.3333333333333333,0.7777777777777777,0.5690356063072538
2024-09-25 17:01:35,3356,2,42761,0,0,0,3,1.5,0,0.0,93621,2,1.6666666666666667,0.3333333333333333,0.4478114478114478,0.39031621600916017
2024-09-25 17:02:35,3356,4,39366,0,0,2,4,1.0,3,0.75,78724,4,1.6666666666666667,0.3333333333333333,0.4478114478114478,0.39031621600916017
2024-09-25 17:03:35,3356,12,52124,0,0,0,0,0.0,0,0.0,117349,12,1.6666666666666667,0.3333333333333333,0.4478114478114478,0.39031621600916017
2024-09-25 17:04:35,3356,3,111783,0,0,0,0,0.0,0,0.0,298599,3,2.0,0.2333333333333333,0.6107936507936508,0.4190333475209709
2024-09-25 17:05:35,3356,823,129559,0,0,8,4,0.009720534629404616,3,0.006075334143377886,185274,823,2.6666666666666665,0.11212121212121212,0.4759421322102482,0.25911743740214993
2024-09-25 17:06:35,3356,8,74117,0,0,3,3,0.375,2,0.25,135564,8,2.2857142857142856,0.1619047619047619,0.5710979496693782,0.35790995894392247
2024-09-25 17:07:35,3356,63,46636,0,0,0,3,0.047619047619047616,0,0.0,94176,63,1.8333333333333333,0.24090909090909088,0.3090667206317548,0.24262604209039443
2024-09-25 17:08:35,3356,311,46562,0,0,0,0,0.0,0,0.0,80879,311,2.2,0.18333333333333335,0.4150205243840828,0.29591625060021365
2024-09-25 17:09:35,3356,62,50469,0,0,0,0,0.0,0,0.0,91842,62,2.0,0.20277777777777778,0.39230405064043505,0.30271565217528923
2024-09-25 17:10:35,3356,66,113152,0,0,0,3,0.045454545454545456,0,0.0,303809,66,2.142857142857143,0.17857142857142855,0.3324454519578185,0.22993627885317244
2024-09-25 17:11:35,3356,31,120162,0,0,5,4,0.25806451612903225,6,0.2903225806451613,311789,31,1.7777777777777777,0.3333333333333333,0.31386000121632307,0.31373354538070697
2024-09-25 17:12:35,3356,45,36250,0,0,5,3,0.06666666666666667,3,0.06666666666666667,76190,45,1.8181818181818181,0.2727272727272727,0.30439360826009776,0.2661888119640625
2024-09-25 17:13:35,3356,69,52214,0,0,0,3,0.043478260869565216,0,0.0,102072,69,1.8181818181818181,0.27272727272727276,0.3043936082600977,0.2661888119640625
2024-09-25 17:14:35,3356,224,69978,0,0,18,3,0.13392857142857142,2,0.08035714285714286,116524,224,2.0,0.17673992673992672,0.33328210577549233,0.23731106204293498
2024-09-25 17:15:35,3356,8,56301,0,0,0,3,0.375,0,0.0,105175,8,1.75,0.3333333333333333,0.3486426767676768,0.3341840427884324
2024-09-25 17:16:35,3356,1,37704,0,0,2,4,4.0,3,3.0,78960,1,1.5,0.3333333333333333,0.625,0.48662453289435065
2024-09-25 17:17:35,3356,311,42023,0,0,2,4,0.012861736334405145,3,0.00964630225080386,78985,311,2.0,0.19999999999999998,0.6409523809523809,0.43657491059231324
2024-09-25 17:18:35,3356,198,52555,0,0,0,0,0.0,0,0.0,92923,198,2.0,0.18881118881118886,0.3435800501523454,0.23148249565973653
2024-09-25 17:19:35,3356,880,139395,0,0,374,3,0.634090909090909,3,0.5852272727272727,168800,880,1.8571428571428572,0.16483516483516478,0.3546086453712904,0.21775220807342505
2024-09-25 17:20:35,3356,1,22725,0,0,0,3,3.0,0,0.0,57367,1,1.3333333333333333,0.3333333333333333,0.7777777777777777,0.5690356063072538
2024-09-25 17:21:35,3356,36,69439,0,0,0,3,0.08333333333333333,0,0.0,108255,36,1.6666666666666667,0.3333333333333333,0.4478114478114478,0.39031621600916017
2024-09-25 17:22:35,3356,476,119069,0,0,0,3,0.0063025210084033615,0,0.0,156519,476,2.1052631578947367,0.14963880288957687,0.29792039658784303,0.1852955846369364
2024-09-25 17:23:35,3356,850,97201,0,0,663,3,1.171764705882353,3,1.168235294117647,132411,850,2.5,0.10773809523809523,0.4149887278158005,0.22008824540362282
2024-09-25 17:24:35,3356,338,63776,0,0,599,4,3.4911242603550297,3,2.606508875739645,99137,338,2.2222222222222223,0.20634920634920637,0.4286360432945964,0.2943482880275571
2024-09-25 17:25:35,3356,37,79966,0,0,2,3,0.08108108108108109,3,0.08108108108108109,155232,37,2.0,0.2571428571428572,0.4554131958267297,0.34904288065616157
2024-09-25 17:26:35,3356,2,64713,0,0,0,0,0.0,0,0.0,115844,2,1.3333333333333333,0.3333333333333333,0.7777777777777777,0.5690356063072538
2024-09-25 17:27:35,3356,0,64488,0,0,0,0,0.0,0,0.0,135549,0,0.0,0.0,0.0,0.0
2024-09-25 17:28:35,3356,8,32393,0,0,0,0,0.0,0,0.0,68710,8,1.3333333333333333,0.3333333333333333,0.7777777777777777,0.5690356063072538
2024-09-25 17:29:35,3356,49,35234,0,0,0,0,0.0,0,0.0,87368,49,1.6,0.3333333333333333,0.5219047619047619,0.4309402868986417
2024-09-25 17:30:35,3356,60,49129,0,0,98,3,2.45,2,1.6333333333333333,85773,60,1.6,0.3333333333333333,0.5219047619047619,0.4309402868986417
2024-09-25 17:31:35,3356,51,66943,0,0,102,3,1.9803921568627452,2,1.9607843137254901,102218,51,1.5,0.3333333333333333,0.625,0.48662453289435065
2024-09-25 17:32:35,3356,1,39726,0,0,0,3,3.0,0,0.0,79618,1,1.3333333333333333,0.3333333333333333,0.7777777777777777,0.5690356063072538
2024-09-25 17:33:35,3356,1,43541,0,0,0,3,3.0,0,0.0,91184,1,1.3333333333333333,0.3333333333333333,0.7777777777777777,0.5690356063072538
2024-09-25 17:34:35,3356,1,63170,0,0,0,3,3.0,0,0.0,117044,1,1.3333333333333333,0.3333333333333333,0.7777777777777777,0.5690356063072538
2024-09-25 17:35:35,3356,1,53047,0,0,0,3,3.0,0,0.0,93283,1,1.3333333333333333,0.3333333333333333,0.7777777777777777,0.5690356063072538
2024-09-25 17:36:35,3356,1,38063,0,0,0,3,3.0,0,0.0,74625,1,1.3333333333333333,0.3333333333333333,0.7777777777777777,0.5690356063072538
2024-09-25 17:37:35,3356,2,39768,0,0,0,3,1.5,0,0.0,88150,2,1.3333333333333333,0.3333333333333333,0.7777777777777777,0.5690356063072538
2024-09-25 17:38:35,3356,60,47244,0,0,2,4,0.11666666666666667,3,0.05,95010,60,2.0,0.23809523809523808,0.4769602946073534,0.3522813088754231
2024-09-25 17:39:35,3356,3,53939,0,0,3,3,1.0,3,1.0,118404,3,1.6,0.3333333333333333,0.5219047619047619,0.4309402868986417
2024-09-25 17:40:35,3356,2,36201,0,0,0,0,0.0,0,0.0,80450,2,1.6,0.3333333333333333,0.5219047619047619,0.4309402868986417
2024-09-25 17:41:35,3356,1,28265,0,0,0,3,3.0,0,0.0,63442,1,1.3333333333333333,0.3333333333333333,0.7777777777777777,0.5690356063072538
2024-09-25 17:42:35,3356,1,62312,0,0,0,3,3.0,0,0.0,106708,1,1.3333333333333333,0.3333333333333333,0.7777777777777777,0.5690356063072538
2024-09-25 17:43:35,3356,2,56107,0,0,2,3,1.5,2,1.0,106085,2,1.3333333333333333,0.3333333333333333,0.7777777777777777,0.5690356063072538
2024-09-25 17:44:35,3356,10,44328,0,0,5,3,0.3,2,0.2,88251,10,1.6666666666666667,0.3333333333333333,0.4478114478114478,0.39031621600916017
2024-09-25 17:45:35,3356,2,31201,0,0,0,0,0.0,0,0.0,67545,2,1.3333333333333333,0.3333333333333333,0.7777777777777777,0.5690356063072538
2024-09-25 17:46:35,3356,4,112624,0,617,2627,3,1.5,2,1.0,365551,4,1.6,0.3333333333333333,0.5219047619047619,0.4309402868986417
2024-09-25 17:47:35,3356,4,131727,0,2,468,4,3.5,3,2.0,311954,4,1.6666666666666667,0.3333333333333333,0.4478114478114478,0.39031621600916017
2024-09-25 17:48:35,3356,3,52906,0,0,8,3,2.0,3,2.0,102043,3,1.6,0.3333333333333333,0.5219047619047619,0.4309402868986417
2024-09-25 17:49:35,3356,1,39604,0,0,0,3,3.0,0,0.0,81096,1,1.3333333333333333,0.3333333333333333,0.7777777777777777,0.5690356063072538
2024-09-25 17:50:35,3356,53,82358,0,0,3,2,0.03773584905660377,2,0.03773584905660377,135496,53,1.6666666666666667,0.26666666666666666,0.5081955081955082,0.38346603713025496
2024-09-25 17:51:35,3356,24,49829,0,0,49,4,2.0416666666666665,3,1.125,104240,24,1.7777777777777777,0.2222222222222222,0.4123266856600189,0.29662064629613727
2024-09-25 17:52:35,3356,33,66123,0,0,4,3,0.21212121212121213,2,0.12121212121212122,126215,33,1.5,0.3333333333333333,0.625,0.48662453289435065
2024-09-25 17:53:35,3356,1,31927,0,0,0,3,3.0,0,0.0,73494,1,1.3333333333333333,0.3333333333333333,0.7777777777777777,0.5690356063072538
2024-09-25 17:54:35,3356,1,54954,0,0,0,3,3.0,0,0.0,118802,1,1.3333333333333333,0.3333333333333333,0.7777777777777777,0.5690356063072538
2024-09-25 17:55:35,3356,2,45175,0,0,2,3,1.5,2,1.0,83192,2,1.3333333333333333,0.3333333333333333,0.7777777777777777,0.5690356063072538